Height,Weight,Bust,Stomach,Hips,,Neck,Sleeve Length (F/S),Shoulder Width,Torso Length,Bicep,Wrist,,Rise,Length (Leg),Waist (Pants),THigh
178,84,106.5,98.2,104.9,,41.4,64.3,49.3,77,34.6,18.8,,67.8,103.6,96.3,60
178,84,107.2,96.9,104.4,,41.4,64.3,49.4,76.9,35.2,18.9,,67.4,103.6,95.1,60.3
178,84,105.9,99.6,105.5,,41.4,64.3,49.1,77,34,18.8,,68.2,103.5,97.5,59.8
178,84,105.9,94.4,104,,41.1,64.2,49.2,76.9,34.8,18.8,,67.2,103.7,94,60.2
178,84,107.3,102.3,105.9,,41.7,64.4,49.4,77.2,34.5,18.9,,68.4,103.7,98.7,59.8
178,84,106.5,98.2,104.9,,41.4,64.3,49.3,77,34.6,18.8,,67.8,103.6,96.3,60
178,84,106.5,98.2,104.9,,41.4,64.3,49.3,77,34.6,18.8,,67.8,103.6,96.3,60
178,84,106.5,98.2,104.9,,41.4,64.3,49.3,77,34.6,18.8,,67.8,103.6,96.3,60
178,84,106.5,98.2,104.9,,41.4,64.3,49.3,77,34.6,18.8,,67.8,103.6,96.3,60
178,75,100.8,91.4,99.8,,40,64.4,47.7,76,32.5,18.3,,65.6,103.7,91.1,56.7
178,76,101.5,92.1,100.4,,40.1,64.4,47.9,76.1,32.8,18.4,,65.8,103.7,91.7,57
178,77,102.1,92.9,100.9,,40.3,64.4,48,76.2,33,18.4,,66.1,103.7,92.3,57.4
178,78,102.7,93.6,101.5,,40.4,64.4,48.2,76.3,33.2,18.5,,66.3,103.7,92.8,57.8
178,79,103.4,94.4,102.1,,40.6,64.3,48.4,76.5,33.5,18.5,,66.6,103.7,93.4,58.2
178,80,104,95.2,102.6,,40.8,64.3,48.6,76.6,33.7,18.6,,66.8,103.7,94,58.5
178,81,104.6,95.9,103.2,,40.9,64.3,48.7,76.7,33.9,18.7,,67.1,103.7,94.6,58.9
178,82,105.3,96.7,103.8,,41.1,64.3,48.9,76.8,34.2,18.7,,67.3,103.6,95.1,59.3
178,83,105.9,97.5,104.3,,41.2,64.3,49.1,76.9,34.4,18.8,,67.5,103.6,95.7,59.7
178,84,106.5,98.2,104.9,,41.4,64.3,49.3,77,34.6,18.8,,67.8,103.6,96.3,60
178,85,107.2,99,105.5,,41.5,64.3,49.5,77.1,34.9,18.9,,68,103.6,96.9,60.4
175,84,107.1,99.4,105.5,,41.5,63.1,49.1,75.9,35,18.8,,67.9,101.6,96.8,60.5
176,84,106.9,99,105.3,,41.5,63.5,49.2,76.3,34.8,18.8,,67.8,102.3,96.7,60.3
177,84,106.7,98.6,105.1,,41.4,63.9,49.2,76.6,34.7,18.8,,67.8,103,96.5,60.2
178,84,106.5,98.2,104.9,,41.4,64.3,49.3,77,34.6,18.8,,67.8,103.6,96.3,60
179,84,106.3,97.9,104.7,,41.3,64.7,49.3,77.4,34.5,18.8,,67.8,104.3,96.1,59.9
180,84,106.1,97.5,104.5,,41.3,65.1,49.4,77.7,34.4,18.8,,67.7,104.9,95.9,59.7
178,84,106.5,98.2,104.9,,41.4,64.3,49.3,77,34.6,18.8,,67.8,103.6,96.3,60
178,84,106.5,98.2,104.9,,41.4,64.3,49.3,77,34.6,18.8,,67.8,103.6,96.3,60
178,84,106.5,98.2,104.9,,41.4,64.3,49.3,77,34.6,18.8,,67.8,103.6,96.3,60
150,80,110.3,107,109.6,,42.4,53.3,47.4,66.7,36.8,18.4,,68.1,85.5,100.8,62.9
155,80,109,104.4,107.6,,42,55.1,47.6,68.3,36.3,18.4,,67.6,88.6,98.9,62.1
160,80,107.8,102.2,106.2,,41.7,57,47.8,70,35.7,18.4,,67.3,91.8,97.5,61.3
165,80,106.7,100.1,105.1,,41.4,59,48,71.8,35.2,18.5,,67.1,95.1,96.4,60.5
170,80,105.7,98.2,104.1,,41.1,61.1,48.2,73.6,34.6,18.5,,67,98.4,95.4,59.8
175,80,104.6,96.3,103.2,,40.9,63.1,48.4,75.5,34,18.6,,66.9,101.7,94.5,59
180,80,103.6,94.4,102.3,,40.7,65.1,48.7,77.3,33.5,18.6,,66.8,105,93.6,58.2
185,80,102.6,92.6,101.3,,40.4,67.2,48.9,79.1,32.9,18.7,,66.7,108.3,92.7,57.5
190,80,101.6,90.7,100.4,,40.2,69.2,49.1,80.9,32.4,18.7,,66.5,111.5,91.8,56.7
195,80,100.6,88.9,99.5,,40,71.2,49.3,82.7,31.8,18.8,,66.4,114.8,90.9,56
200,80,99.6,87.1,98.5,,39.8,73.2,49.6,84.5,31.4,18.8,,66.3,118,89.9,55.3
150,80,110.7,105.9,109.4,,42.5,53.4,47.6,66.8,37.4,18.5,,67.9,85.5,100.1,63.1
155,80,109.6,103.3,107.4,,42.1,55.2,47.7,68.4,36.9,18.5,,67.4,88.6,98.1,62.4
160,80,108.5,101,105.9,,41.8,57.1,47.9,70,36.3,18.5,,67,91.8,96.6,61.6
165,80,107.4,98.9,104.7,,41.5,59,48.1,71.8,35.7,18.6,,66.8,95,95.4,60.8
170,80,106.3,96.9,103.6,,41.2,61,48.4,73.6,35.2,18.6,,66.6,98.3,94.3,60.1
175,80,105.3,95,102.7,,40.9,63.1,48.6,75.4,34.6,18.6,,66.5,101.6,93.4,59.3
180,80,104.2,93.1,101.7,,40.7,65.1,48.8,77.2,34.1,18.7,,66.4,104.9,92.5,58.5
185,80,103.2,91.2,100.8,,40.5,67.1,49,79.1,33.5,18.7,,66.3,108.2,91.6,57.8
190,80,102.2,89.4,99.9,,40.3,69.2,49.3,80.9,33,18.8,,66.2,111.5,90.7,57
195,80,101.2,87.6,98.9,,40.1,71.2,49.5,82.7,32.5,18.8,,66.1,114.7,89.7,56.3
200,80,100.3,85.7,97.9,,39.9,73.2,49.7,84.4,32,18.9,,66,117.9,88.7,55.6
150,80,109.9,108.5,110.3,,42.3,53.3,47.3,66.8,36.3,18.4,,68.5,85.5,102.1,62.7
155,80,108.6,105.9,108.3,,42,55.2,47.4,68.4,35.7,18.4,,68,88.5,100.1,61.9
160,80,107.3,103.6,106.8,,41.7,57.1,47.6,70.1,35.1,18.4,,67.7,91.8,98.7,61.1
165,80,106.2,101.5,105.7,,41.4,59.1,47.8,71.9,34.6,18.4,,67.5,95,97.6,60.3
170,80,105.1,99.6,104.7,,41.1,61.1,48,73.7,34,18.5,,67.4,98.3,96.6,59.5
175,80,104,97.7,103,,40.9,63.1,48.3,75.5,33.5,18.5,,67.2,101.6,95.7,58.7
180,80,103,95.8,102.8,,40.7,65.2,48.5,77.3,32.9,18.5,,67.1,104.9,94.8,58
185,80,102,93.9,101.9,,40.4,67.2,48.7,79.1,32.3,18.6,,67,108.2,93.9,57.2
190,80,101,92.1,101,,40.2,69.2,48.9,80.9,31.8,18.6,,66.9,111.5,93,56.5
195,80,100,90.3,100.1,,40,71.2,49.1,82.7,31.3,18.7,,66.8,114.7,92,55.8
200,80,99.1,88.4,99.1,,39.8,73.2,49.4,84.5,30.8,18.7,,66.7,117.9,91,55.1
150,80,109.1,103,109.6,,41.9,53.5,47.2,66.6,37.1,18.5,,68,85.6,99.1,63.3
155,80,108.1,100.4,107.2,,41.6,55.1,47.4,68.1,36.5,18.4,,67.3,88.7,96.8,62.5
160,80,107,98.1,105.5,,41.3,57,47.7,69.8,35.9,18.4,,66.9,91.9,95.2,61.6
165,80,106,96.2,104.2,,41,58.9,47.9,71.6,35.4,18.4,,66.6,95.2,94.1,60.8
170,80,105,94.3,103.2,,40.8,61,48.1,73.5,34.8,18.5,,66.5,98.5,93.1,60
175,80,104,92.4,102.3,,40.6,63,48.4,75.3,34.2,18.5,,66.3,101.8,92.2,59.2
180,80,102.9,90.6,101.3,,40.4,65.1,48.6,77.2,33.6,18.6,,66.2,105,91.3,58.4
185,80,101.9,88.7,100.4,,40.1,67.1,48.8,79,33,18.6,,66.1,108.3,90.4,57.6
190,80,100.9,86.8,99.5,,39.9,69.1,49.1,80.8,32.5,18.6,,66,111.5,89.5,56.9
195,80,99.8,84.9,98.6,,39.7,71.2,49.3,82.6,31.9,18.7,,65.8,114.8,88.6,56.1
200,80,98.8,83,97.7,,39.4,73.2,49.5,84.4,31.3,18.7,,65.7,118,87.7,55.4
150,80,110.9,110.5,109.4,,42.6,53.2,47.5,66.8,36.6,18.4,,68.2,85.3,102.2,62.5
155,80,109.7,108.3,108.1,,42.3,55.1,47.7,68.5,36.1,18.5,,68,88.6,100.9,61.8
160,80,108.6,106.2,107.1,,42,57.1,47.9,70.2,35.6,18.5,,67.8,91.9,99.9,61
165,80,107.5,104.2,106.1,,41.7,59.2,48.1,72,35,18.5,,67.7,95.2,98.9,60.3
170,80,106.4,102.3,105.2,,41.5,61.2,48.3,73.9,34.5,18.6,,67.6,98.5,97.9,59.5
175,80,105.4,100.4,104.3,,41.2,63.2,48.5,75.7,33.9,18.6,,67.5,101.8,97,58.8
180,80,104.4,98.6,103.3,,41,65.3,48.8,77.5,33.4,18.7,,67.4,105.1,96.1,58
185,80,103.5,96.9,102.4,,40.8,67.3,49,79.3,32.9,18.7,,67.3,108.3,95.2,57.3
190,80,102.8,95.3,101.5,,40.7,69.3,49.3,81.1,32.5,18.8,,67.2,111.5,94.3,56.6
195,80,102.2,93.8,100.4,,40.7,71.2,49.6,82.9,32.1,18.9,,67.1,114.6,93.3,55.9
200,80,102,92.5,99.1,,40.8,73.1,50,84.6,32,19,,67,117.6,92,55.3
150,80,110.6,104.3,106.5,,42.3,53,47.5,66.8,37.6,18.4,,66.8,84.9,97.2,63
155,80,109.7,102,105.6,,42.1,55,47.8,68.5,37.1,18.4,,66.6,88.3,96.1,62.3
160,80,108.7,99.7,104.6,,41.8,57,48,70.2,36.6,18.5,,66.5,91.6,95,61.6
165,80,107.7,97.5,103.7,,41.5,59,48.3,72,36.1,18.5,,66.3,94.9,93.9,60.8
170,80,106.8,95.2,102.8,,41.2,61,48.5,73.7,35.6,18.5,,66.2,98.2,92.9,60.1
175,80,105.8,93,101.9,,41,63,48.7,75.4,35.1,18.6,,66,101.5,91.8,59.4
180,80,104.8,90.7,100.9,,40.7,65,49,77.2,34.6,18.6,,65.9,104.9,90.7,58.7
185,80,103.8,88.4,100,,40.4,67,49.2,78.9,34,18.7,,65.8,108.2,89.7,58
190,80,102.9,86.2,99.1,,40.1,69,49.4,80.6,33.5,18.7,,65.6,111.5,88.6,57.2
195,80,101.9,83.9,98.1,,39.9,71,49.7,82.4,33,18.8,,65.5,114.8,87.5,56.5
200,80,100.9,81.7,97.2,,39.6,72.9,49.9,84.1,32.5,18.8,,65.3,118.2,86.5,55.8
150,80,111.4,109.1,108.7,,42.7,53.1,47.6,66.7,37.2,18.5,,67.7,85.2,101,62.8
155,80,110.3,106.9,107.5,,42.3,55.1,47.8,68.4,36.7,18.5,,67.5,88.5,99.7,62.1
160,80,109.2,104.8,106.5,,42,57.1,48,70.2,36.1,18.5,,67.4,91.8,98.7,61.3
165,80,108.1,102.8,105.5,,41.7,59.1,48.2,72,35.6,18.6,,67.3,95.1,97.7,60.6
170,80,107,100.9,104.6,,41.5,61.2,48.4,73.8,35,18.6,,67.2,98.5,96.7,59.8
175,80,106,99,103.7,,41.2,63.2,48.7,75.6,34.5,18.7,,67.1,101.8,95.8,59.1
180,80,105,97.2,102.8,,41,65.2,48.9,77.5,33.9,18.7,,67,105.1,94.9,58.3
185,80,104,95.6,101.8,,40.8,67.3,49.2,79.3,33.4,18.8,,66.9,108.3,94,57.5
190,80,103.2,93.7,100.9,,40.7,69.3,49.4,81.1,33,18.9,,66.8,111.6,93.1,56.8
195,80,102.5,92.2,99.8,,40.7,71.2,49.7,82.9,32.6,18.9,,66.7,114.7,92.1,56.1
200,80,102.1,90.8,98.5,,40.7,73.1,50.1,84.5,32.4,19,,66.6,117.6,90.9,55.5
150,80,110.8,112.6,109.7,,42.7,53.3,47.4,66.5,36.6,18.4,,68.2,85.5,99.8,63.1
155,80,107.6,101.6,107.4,,41.5,55,47.3,68.1,36,18.3,,67.5,88.6,97.7,62.2
160,80,106.4,99.4,105.8,,41.3,57,47.5,69.8,35.4,18.3,,67.2,91.8,96.2,61.3
165,80,105.4,97.5,104.7,,41,59,47.7,71.7,34.8,18.4,,67,95.1,95.2,60.5
170,80,104.3,95.6,103.7,,40.8,61,48,73.5,34.2,18.4,,66.8,98.4,94.2,59.7
175,80,103.3,93.7,102.8,,40.6,63,48.2,75.3,33.6,18.5,,66.7,101.7,93.3,58.9
180,80,102.3,91.9,101.8,,40.4,65.1,48.4,77.2,33.1,18.5,,66.6,105,97.5,58.1
185,80,101.2,90,100.9,,40.1,67.1,48.7,79,32.5,18.5,,66.5,108.2,91.6,57.4
190,80,100.2,88.1,100,,39.9,69.1,48.9,80.8,31.9,18.6,,66.3,111.5,90.6,56.6
195,80,99.1,86.2,99.1,,39.7,71.2,49.1,82.6,31.3,18.6,,66.2,114.7,89.7,55.9
200,80,98.1,84.2,98.2,,39.4,73.2,49.3,84.4,30.7,18.7,,66.1,117.9,88.8,55.2
150,80,110.8,112.6,110.7,,42.7,53.3,47.4,67,36.1,18.4,,68.8,85.4,104.1,62.3
155,80,109.5,110.2,109.2,,42.4,55.2,47.6,68.7,35.5,18.4,,68.5,88.6,102.6,61.5
160,80,108.3,108,108,,42.1,57.2,47.7,70.4,35,18.4,,68.3,91.9,101.4,60.8
165,80,107.2,106,106.9,,41.8,59.2,48,72.2,34.4,18.5,,68.2,95,100.3,60.1
170,80,106.1,104.1,106,,41.5,61.2,48.2,74,33.9,18.5,,68,98.4,99.3,59.3
175,80,105.1,102.2,105,,41.3,63.2,48.4,75.8,33.4,18.6,,67.9,101.7,98.4,58.6
180,80,104.2,100.5,104.1,,41.1,65.3,48.7,77.6,32.9,18.6,,67.9,105,97.5,57.9
185,80,103.5,98.8,103.2,,41,67.3,48.9,79.4,32.5,18.7,,67.8,108.2,96.6,57.2
190,80,103,97.4,102.3,,40.9,69.2,49.3,81.2,32.2,18.8,,67.7,111.4,95.6,56.5
195,80,102.7,96,101.2,,40.9,71.1,49.6,82.9,32,18.9,,67.7,114.4,94.5,55.9
200,80,102.6,94.6,99.8,,40.9,72.9,50,84.5,31.9,19,,67.5,117.3,93.2,55.4
180,60,91.1,79.3,90.9,,37.6,65.3,45.2,75.1,28.9,17.5,,61.9,105.2,82.1,50.8
180,65,94.2,83.1,93.8,,38.3,65.3,46,75.7,30,17.8,,63.1,105.2,85,52.6
180,70,97.3,86.8,96.6,,39.1,65.2,46.9,76.2,31.2,18,,64.3,105.1,87.9,54.5
180,75,100.4,90.6,99.4,,39.9,65.2,47.8,76.7,32.3,18.3,,65.5,105.1,90.7,56.4
180,80,103.6,94.4,102.3,,40.7,65.1,48.7,77.3,33.5,18.6,,66.8,105,93.6,58.2
180,85,106.7,98.2,105.1,,41.4,65.1,49.5,77.8,34.6,18.9,,68,104.9,96.5,60.1
180,90,109.9,102.1,107.9,,42.2,65.1,50.4,78.4,35.8,19.2,,69.2,104.8,99.4,62
180,95,113.1,105.9,110.8,,43,65,51.3,78.9,36.9,19.5,,70.5,104.8,102.3,63.9
180,100,116.2,109.8,113.7,,43.8,65,52.2,79.5,38.1,19.8,,71.7,104.7,105.2,65.7
180,105,119.4,113.6,116.6,,44.6,64.9,53,80,39.3,20.1,,73,104.6,108.2,67.6
180,110,122.4,117.5,119.6,,45.4,64.9,53.9,80.5,40.4,20.3,,74.4,104.5,111.2,69.5
180,115,125.3,121.3,122.7,,46.1,64.9,54.6,81.1,41.5,20.6,,75.7,104.4,114.3,71.3
180,120,128.1,125,125.9,,46.8,64.9,55.3,81.6,42.4,20.9,,77.1,104.3,117.6,73.1
180,125,130.8,128.7,129,,47.5,64.9,56,82.1,43.4,21.2,,78.5,104.2,120.7,74.8
180,130,133.5,132.2,132.1,,48.1,64.9,56.7,82.6,44.3,21.4,,79.8,104.2,123.8,76.6
180,55,88.1,75.6,88.1,,36.9,65.4,44.3,74.6,27.9,17.2,,60.7,105.3,79.3,48.9
180,60,91.8,78,90.4,,37.7,65.3,45.3,75.1,29.5,17.5,,61.5,105.2,81,51.1
180,65,94.9,81.8,93.2,,38.4,65.3,46.2,75.6,30.6,17.8,,62.7,105.1,83.9,52.9
180,70,98,85.5,96.1,,39.2,65.2,47.1,76.2,31.8,18.1,,63.9,105.1,86.7,54.8
180,75,101.1,89.3,98.9,,39.9,65.2,47.9,76.7,32.9,18.4,,65.2,105,89.6,56.7
180,80,104.2,93.1,101.7,,40.7,65.1,48.8,77.2,34.1,18.7,,66.4,104.9,92.5,58.5
180,85,107.4,96.9,104.6,,41.5,65.1,49.7,77.8,35.2,19,,67.6,104.9,95.4,60.4
180,90,110.5,100.7,107.4,,42.3,65,50.6,78.3,36.4,19.2,,68.9,104.8,98.2,62.3
180,95,113.7,104.6,110.3,,43.1,65,51.5,78.9,37.5,19.5,,70.1,104.7,101.1,64.1
180,100,116.8,108.4,113.1,,43.9,64.9,52.3,79.4,38.7,19.8,,71.4,104.6,104.1,66
180,105,119.8,112.3,116.1,,44.7,64.9,53.2,79.9,39.8,20.1,,72.7,104.5,107.1,67.8
180,110,122.8,116.1,119,,45.5,64.9,53.9,80.5,40.9,20.4,,74,104.4,110.1,69.7
180,115,125.5,119.9,122.1,,46.2,64.9,54.7,81,41.9,20.7,,75.4,104.3,113.3,71.4
180,120,128.1,123.5,125.2,,46.9,64.9,55.4,81.5,42.9,21,,76.7,104.2,116.4,73.2
180,125,130.8,127.1,128.2,,47.6,64.9,56,82.1,43.8,21.2,,78.1,104.2,119.5,74.9
180,130,133.4,130.6,131.2,,48.3,64.9,56.8,82.6,44.8,21.5,,79.3,104.1,122.5,76.6
180,55,87.6,77.1,88.8,,36.9,65.4,44.2,74.6,27.3,17.2,,61.1,105.2,80.5,48.8
180,60,90.6,80.7,91.6,,37.6,65.3,45,75.1,28.4,17.4,,62.3,105.1,83.3,50.6
180,65,93.6,84.5,94.4,,38.3,65.3,45.9,75.7,29.5,17.7,,63.5,105.1,86.2,52.4
180,70,96.7,88.2,97.2,,39.1,65.2,46.7,76.2,30.6,18,,64.7,105,89,54.3
180,75,99.8,92,100,,39.9,65.2,47.6,76.8,31.7,18.3,,65.9,105,91.9,56.1
180,80,103,95.8,102.8,,40.7,65.2,48.5,77.3,32.9,18.5,,67.1,104.9,94.8,58
180,85,106.1,99.6,105.6,,41.4,65.1,49.4,77.9,34,18.8,,68.4,104.9,97.7,59.9
180,90,109.3,103.5,108.5,,42.2,65.1,50.2,78.4,35.2,19.1,,69.6,104.8,100.6,61.7
180,95,112.5,107.3,111.4,,43,65,51.1,78.9,36.4,19.4,,70.9,104.7,103.5,63.6
180,100,115.7,111.2,114.3,,43.8,65,52,79.5,37.5,19.7,,72.1,104.6,106.4,65.5
180,105,118.8,115,117.2,,44.6,65,52.9,80,38.7,20,,73.4,104.5,109.4,67.4
180,110,122,118.9,120.3,,45.3,64.9,53.7,80.6,39.8,20.3,,74.8,104.5,112.5,69.2
180,115,125,122.8,123.5,,46,64.9,54.5,81.1,40.9,20.6,,76.2,104.4,115.6,71.1
180,120,127.9,126.6,126.8,,46.7,64.9,55.2,81.6,41.9,20.8,,77.6,104.3,118.9,72.9
180,125,130.7,130.2,129.9,,47.4,64.9,55.9,82.2,42.9,21.1,,79,104.2,122,74.7
180,130,133.4,133.8,132.9,,48,64.9,56.6,82.7,43.8,21.3,,80.2,104.2,125.1,76.5
180,55,87.1,71.4,87.1,,36.5,65.3,44.2,74.4,27.8,17.1,,60,105.3,76.9,49
180,60,90.3,75.3,89.9,,37.2,65.3,45.1,75,29,17.4,,61.3,105.3,79.8,50.9
180,65,93.4,79.1,92.8,,38,65.2,45.9,75.5,30.1,17.7,,62.5,105.2,82.7,52.8
180,70,96.6,82.9,95.6,,38.8,65.2,46.8,76.1,31.3,18,,63.7,105.2,85.5,54.6
180,75,99.8,86.7,98.5,,39.6,65.1,47.7,76.6,32.5,18.3,,65,105.1,88.4,56.5
180,80,102.9,90.6,101.3,,40.4,65.1,48.6,77.2,33.6,18.6,,66.2,105,91.3,58.4
180,85,106.1,94.4,104.2,,41.1,65,49.5,77.7,34.8,18.9,,67.4,105,94.2,60.3
180,90,109.3,98.2,107,,41.9,64.9,50.4,78.2,35.9,19.1,,68.7,104.9,97.1,62.2
180,95,112.4,102,109.9,,42.7,64.9,51.3,78.8,37.1,19.4,,70,104.8,99.9,64.1
180,100,115.5,105.8,112.8,,43.4,64.9,52.1,79.3,38.3,19.7,,71.2,104.7,102.9,66
180,105,118.4,109.5,115.7,,44.2,64.8,52.9,79.7,39.5,20,,72.6,104.5,105.8,67.9
180,110,121.1,113,118.8,,44.8,64.9,53.6,80.1,40.6,20.3,,74,104.3,108.8,69.8
180,115,123.6,116.5,121.8,,45.4,64.9,54.2,80.5,41.6,20.6,,75.3,104.1,111.8,71.6
180,120,126.1,119.9,124.8,,46.1,64.9,54.9,81,42.6,20.9,,76.7,104,114.8,73.3
180,125,128.8,123.4,127.7,,46.7,64.9,55.6,81.5,43.5,21.1,,77.9,104,117.8,75.1
180,130,131.6,126.9,130.6,,47.3,64.9,56.4,82,44.5,21.4,,79.1,103.9,120.7,76.9
180,55,91.5,82.4,89.9,,38.2,65.4,45.1,75,28.8,17.5,,61.8,105.1,82.5,49.3
180,60,93.6,85.1,92.5,,38.6,65.4,45.7,75.5,29.5,17.7,,62.8,105.2,85.1,50.9
180,65,95.8,88.1,95.1,,39,65.4,46.3,75.9,30.3,17.9,,63.9,105.2,87.8,52.6
180,70,98.5,91.4,97.8,,39.6,65.3,47.1,76.5,31.2,18.1,,65,105.2,90.5,54.4
180,75,101.4,94.9,100.6,,40.3,65.3,47.9,77,32.3,18.4,,66.2,105.1,93.3,56.2
180,80,104.4,98.6,103.3,,41,65.3,48.8,77.5,33.4,18.7,,67.4,105.1,96.1,58
180,85,107.5,102.4,106.1,,41.8,65.2,49.6,78.1,34.5,19,,68.6,105,99,59.9
180,90,110.6,106.1,109,,42.5,65.2,50.5,78.6,35.7,19.2,,69.8,104.9,101.8,61.8
180,95,113.8,109.9,111.8,,43.3,65.1,51.4,79.1,36.8,19.5,,71.1,104.9,104.7,63.6
180,100,116.9,113.8,114.6,,44.1,65.1,52.3,79.7,37.9,19.8,,72.3,104.8,107.6,65.5
180,105,120.1,117.6,117.5,,44.9,65,53.1,80.2,39.1,20.1,,73.5,104.7,110.5,67.3
180,110,123.3,121.5,120.4,,45.7,65,54,80.8,40.2,20.4,,74.8,104.7,113.4,69.2
180,115,126.4,125.4,123.3,,46.5,65,54.9,81.3,41.4,20.7,,76,104.6,116.4,71
180,120,129.5,129.3,126.3,,47.3,64.9,55.7,81.9,42.5,21,,77.4,104.5,119.5,72.9
180,125,132.6,133.2,129.5,,48.1,64.9,56.5,82.5,43.5,21.2,,78.7,104.4,122.7,74.7
180,130,135.5,137.1,132.7,,48.9,64.9,57.2,83.1,44.4,21.5,,80.1,104.3,126,76.6
150,50,91,82.9,90.9,,37.4,53.2,42,63.1,29.9,16.6,,60,85.5,81.9,51.6
150,55,94.1,86.8,93.8,,38.2,53.2,42.9,63.6,31.1,16.9,,61.3,85.5,84.8,53.5
150,60,97.3,90.6,96.6,,39,53.1,43.8,64.2,32.2,17.2,,62.5,85.4,87.7,55.4
150,65,100.5,94.6,99.6,,39.8,53.1,44.7,64.8,33.4,17.5,,63.8,85.4,90.8,57.2
150,70,103.8,98.6,102.7,,40.7,53.1,45.6,65.4,34.5,17.8,,65.2,85.3,93.9,59.1
150,75,107,102.7,106,,41.5,53.2,46.5,66,35.7,18.1,,66.6,85.4,97.2,61
150,80,110.3,107,109.6,,42.4,53.3,47.4,66.7,36.8,18.4,,68.1,85.5,100.8,62.9
150,85,113.4,113.3,113.4,,43.2,53.4,48.3,67.5,37.9,18.8,,69.7,85.6,104.6,64.8
150,90,116.5,115.5,117.2,,44,53.6,49.1,68.3,38.9,19.1,,71.3,85.8,108.3,66.6
150,95,119.3,119.5,120.7,,44.7,53.7,49.9,68.9,39.9,19.3,,72.8,85.9,111.9,68.4
150,100,122.1,123.2,123.9,,45.4,53.7,50.6,69.6,40.8,19.6,,74.1,85.9,115.1,70.2
150,105,124.9,126.8,126.9,,46.1,53.7,51.4,70.1,41.8,19.8,,75.4,85.9,118.1,72
150,110,127.7,130.3,129.8,,46.7,53.7,52.1,70.7,42.8,20.1,,76.6,85.9,121.1,73.8
150,115,130.5,133.9,132.7,,47.4,53.7,52.9,71.2,43.7,20.3,,77.9,85.8,124,75.5
150,120,133.3,137.4,135.6,,48,53.6,53.6,71.8,44.7,20.6,,79.1,85.8,126.9,77.3
150,125,136.1,141,138.5,,48.7,53.6,54.4,72.3,45.7,20.8,,80.3,85.8,129.9,79.1
150,130,138.9,144.5,141.4,,49.4,53.6,55.2,72.8,46.6,21.1,,81.5,85.7,132.8,80.8
155,50,89.9,81,89.9,,37.2,55.2,42.2,64.9,29.4,16.7,,59.9,88.9,80.9,50.9
155,55,93,84.8,92.8,,38,55.2,43.1,65.4,30.5,17,,61.2,88.8,83.8,52.7
155,60,96.2,88.6,95.6,,38.7,55.1,44,66,31.7,17.2,,62.4,88.7,86.7,54.6
155,65,99.4,92.5,98.5,,39.5,55.1,44.9,66.5,32.8,17.5,,63.6,88.7,89.6,56.5
155,70,102.6,96.4,101.4,,40.3,55.1,45.8,67.1,34,17.8,,64.9,88.6,92.6,58.3
155,75,105.8,100.3,104.4,,41.2,55.1,46.7,67.7,35.1,18.1,,66.2,88.6,95.7,60.2
155,80,109,101.4,107.6,,42,55.1,47.6,68.3,36.3,18.4,,67.6,88.6,98.9,62.1
155,85,112.2,108.6,111.1,,42.8,55.2,48.5,69,37.4,18.7,,69.1,88.6,102.3,64
155,90,115.4,112.8,114.8,,43.7,55.3,49.3,69.7,38.5,19.1,,70.7,88.7,106,65.9
155,95,118.4,117,118.5,,44.4,55.5,50.1,70.4,39.5,19.4,,72.2,88.8,109.8,67.7
155,100,121.2,120.9,122,,45.2,55.5,50.9,71.1,40.5,19.6,,73.7,88.9,113.3,69.5
155,105,124,124.7,125.2,,45.8,55.6,51.6,71.7,41.4,19.9,,75.1,88.9,116.5,71.3
155,110,126.8,128.3,128.2,,46.5,55.6,52.4,72.3,42.4,20.1,,76.3,88.9,119.5,73
155,115,129.6,131.8,131.2,,47.2,55.6,53.1,72.8,43.3,20.4,,77.6,88.9,122.5,74.8
155,120,132.4,135.4,134.1,,47.8,55.5,53.9,73.4,44.3,20.6,,78.8,88.9,125.4,76.6
155,125,135.2,138.9,136.9,,48.5,55.5,54.7,73.9,45.3,20.9,,80,88.8,128.4,78.3
155,130,138,142.5,139.8,,49.2,55.5,55.4,74.5,46.2,21.1,,81.2,88.8,131.3,80.1
160,50,88.8,79.1,89,,36.9,57.3,42.4,66.7,28.8,16.7,,59.8,92.2,80,50.1
160,55,92,82.9,91.8,,37.7,57.2,43.3,67.2,29.9,17,,61,92.1,82.9,52
160,60,95.1,86.7,94.6,,38.5,57.2,44.2,67.8,31.1,17.3,,62.3,92.1,85.7,53.8
160,65,98.3,90.5,97.5,,39.3,57.1,45.1,68.3,32.2,17.6,,63.5,92,88.6,55.7
160,70,101.4,94.3,100.4,,40.1,57.1,46,68.9,33.4,17.9,,64.8,91.9,91.5,57.6
160,75,104.6,98.2,103.3,,40.9,57.1,46.9,69.5,34.6,18.2,,66,91.9,94.5,59.4
160,80,107.8,102.2,106.2,,41.7,57,47.8,70,35.7,18.4,,67.3,91.8,97.5,61.3
160,85,111,106.2,109.3,,42.5,57.1,48.6,70.6,36.9,18.8,,68.7,91.8,100.6,63.2
160,90,114.2,110.3,112.7,,43.3,57.1,49.5,71.3,38,19.1,,70.1,91.8,104,65.1
160,95,117.3,114.4,116.2,,44.1,57.2,50.4,72,39.1,19.4,,71.6,91.8,107.6,66.9
160,100,120.3,118.6,119.9,,44.9,57.3,51.1,72.7,40.1,19.7,,73.2,91.9,111.2,68.8
160,105,123.1,122.5,123.4,,45.6,57.4,51.9,73.3,41.1,19.9,,74.6,91.9,114.7,70.6
160,110,125.9,126.2,126.6,,46.3,57.4,52.6,73.9,42,20.2,,76,92,117.9,72.3
160,115,128.7,129.8,129.6,,47,57.4,53.4,74.5,42.9,20.4,,77.3,92,121,74.1
160,120,131.5,133.3,132.5,,47.6,57.4,54.1,75,43.9,20.7,,78.5,91.9,123.9,75.9
160,125,134.3,136.9,135.4,,48.3,57.4,54.9,75.6,44.9,20.9,,79.7,91.9,126.9,77.6
160,130,137.1,140.4,138.3,,49,57.4,55.7,76.1,45.8,21.2,,81,91.9,129.8,79.4
165,50,87.8,77.2,88.1,,36.7,59.3,42.7,68.5,28.3,16.8,,59.7,95.5,79.1,49.3
165,55,90.9,81,90.9,,37.5,59.3,43.6,69.1,29.4,17,,60.9,95.4,82,51.2
165,60,94.1,84.8,93.7,,38.2,59.2,44.4,69.6,30.5,17.3,,62.2,95.4,84.8,53
165,65,97.2,88.6,96.5,,39,59.2,45.3,70.2,31.7,17.6,,63.4,95.3,87.7,54.9
165,70,100.4,92.4,99.4,,39.8,59.1,46.2,70.7,32.8,17.9,,64.6,95.2,90.6,56.8
165,75,103.5,96.3,102.2,,40.6,59.1,47.1,71.3,34,18.2,,65.9,95.2,93.5,58.7
165,80,106.7,100.1,105.1,,41.4,59,48,71.8,35.2,18.5,,67.1,95.1,96.4,60.5
165,85,109.9,104,108.1,,42.2,59,48.9,72.4,36.3,18.8,,68.4,95,99.4,62.4
165,90,113.1,108,111.1,,43,59,49.7,73,37.5,19.1,,69.7,95,102.5,64.3
165,95,116.3,112,114.3,,43.8,59,50.6,73.6,38.6,19.4,,71.1,94.9,105.7,66.2
165,100,119.3,116.1,117.8,,44.6,59.1,51.4,74.2,39.7,19.7,,72.4,95,109.2,68
165,105,122.3,120.1,121.4,,45.4,59.2,52.2,74.9,40.7,20,,74.1,95,112.8,69.8
165,110,125.1,124,124.8,,46.1,59.3,52.9,75.5,41.6,20.2,,75.6,95,116.2,71.6
165,115,127.8,127.7,127.9,,46.8,59.3,53.7,76.1,42.6,20.5,,76.9,95,119.4,73.4
165,120,130.6,131.3,130.9,,47.4,59.3,54.4,76.6,43.5,20.7,,78.2,95,122.4,75.2
165,125,133.3,134.8,133.8,,48.1,59.3,55.1,77.2,44.5,21,,79.4,95,125.4,76.9
165,130,136.1,138.4,136.7,,48.8,59.3,55.9,77.7,45.5,21.2,,80.7,94.9,128.3,78.7
170,50,86.9,75.4,87.2,,36.5,61.4,42.9,70.4,27.7,16.9,,59.6,98.8,78.2,48.6
170,55,89.9,79.2,90,,37.2,61.3,43.8,70.9,28.9,17.1,,60.8,98.7,81.1,50.4
170,60,93,82.9,92.8,,38,61.3,44.7,71.4,30,17.4,,62.1,98.7,83.9,52.3
170,65,96.2,86.7,95.6,,38.8,61.2,45.5,72,31.1,17.7,,63.3,98.6,86.8,54.1
170,70,99.3,90.5,98.4,,39.6,61.2,46.4,72.5,32.3,17.9,,64.5,98.5,89.7,56
170,75,102.5,94.3,101.3,,40.3,61.1,47.3,73.1,33.4,18.2,,65.8,98.5,92.5,57.9
170,80,105.7,98.2,104.1,,41.1,61.1,48.2,73.6,34.6,18.5,,67,98.4,95.4,59.8
170,85,108.8,102,107,,41.9,61,49.1,74.2,35.8,18.8,,68.2,98.3,98.4,61.6
170,90,112,105.9,109.9,,42.7,61,50,74.7,36.9,19.1,,69.5,98.3,101.3,63.5
170,95,115.2,109.8,112.9,,43.5,61,50.8,75.3,38.1,19.4,,70.8,98.2,104.4,65.4
170,100,118.3,113.8,116.1,,44.3,61,51.7,75.9,39.2,19.7,,72.2,98.1,107.5,67.3
170,105,121.3,117.8,119.4,,45.1,61,52.5,76.5,40.3,20,,73.6,98.1,110.9,69.1
170,110,124.2,121.8,122.8,,45.9,61.1,53.2,77.1,41.3,20.3,,75.1,98.1,114.3,70.9
170,115,127,125.5,126.2,,46.6,61.2,53.9,77.7,42.2,20.5,,76.6,98.1,117.7,72.7
170,120,129.7,129.2,129.3,,47.2,61.2,54.7,78.3,43.2,20.8,,77.9,98.1,120.8,74.4
170,125,132.4,132.8,132.3,,47.9,61.2,55.4,78.8,44.1,21.1,,79.1,98,123.9,76.2
170,130,135.2,136.3,135.2,,48.5,61.1,56.2,79.4,45.1,21.3,,80.4,98,126.8,78
175,50,86,73.7,86.3,,36.3,63.4,43.2,72.2,27.3,16.9,,59.6,102.1,77.4,47.8
175,55,89,77.4,89,,37,63.4,44,72.7,28.3,17.1,,60.7,102,80.2,49.7
175,60,92,81.1,91.9,,37.8,63.3,44.9,73.3,29.4,17.4,,62,102,83,51.5
175,65,95.2,84.9,94.7,,38.6,63.3,45.8,73.8,30.6,17.7,,63.2,101.9,85.9,53.4
175,70,98.3,88.7,97.5,,39.3,63.2,46.7,74.4,31.7,18,,64.4,101.8,88.8,55.3
175,75,101.5,92.5,100.4,,40.1,63.2,47.5,74.9,32.9,18.3,,65.6,101.8,91.6,57.1
175,80,104.6,96.3,103.2,,40.9,63.1,48.4,75.5,34,18.6,,66.9,101.7,94.5,59
175,85,107.8,100.1,106,,41.7,63.1,49.3,76,35.2,18.9,,68.1,101.6,97.4,60.9
175,90,110.9,104,108.9,,42.5,63,50.2,76.6,36.4,19.1,,69.4,101.5,100.3,62.7
175,95,114.1,107.8,111.8,,43.3,63,51.1,77.1,37.5,19.4,,70.6,101.5,103.3,64.6
175,100,117.3,111.7,114.8,,44.1,62.9,51.9,77.7,38.7,19.7,,71.9,101.4,106.3,66.5
175,105,120.4,115.6,117.8,,44.8,62.9,52.8,78.2,39.8,20,,73.3,101.3,109.4,68.4
175,110,123.3,119.6,121.1,,45.6,63,53.6,78.8,40.9,20.3,,74.7,101.2,112.6,70.2
175,115,126.2,123.4,124.4,,46.3,63,54.3,79.3,41.9,20.6,,76.1,101.2,115.9,72
175,120,128.9,127.1,127.6,,47,63,55,79.9,42.8,20.9,,77.5,101.1,119.2,73.7
175,125,131.6,130.7,130.7,,47.7,63,55.7,80.5,43.7,21.1,,78.8,101.1,122.3,75.5
175,130,134.3,134.3,133.6,,48.3,63,56.4,81,44.7,21.4,,80.1,101.1,125.3,77.3
180,55,88.1,75.6,88.1,,36.9,65.4,44.3,74.6,27.9,17.2,,60.7,105.3,79.3,48.9
180,60,91.9,79.3,90.9,,37.6,65.3,45.2,75.1,28.9,17.5,,61.9,105.2,82.1,50.8
180,65,94.2,83.1,93.8,,38.3,65.3,46,75.7,30,17.8,,63.1,105.2,85,52.6
180,70,97.3,86.8,96.6,,39.1,65.2,46.9,76.2,31.2,18,,64.3,105.1,87.9,56.5
180,75,100.4,90.6,99.4,,39.9,65.2,47.8,76.7,32.3,18.3,,65.5,105.1,90.7,56.4
180,80,103.6,94.4,102.3,,40.7,65.1,48.7,77.3,33.5,18.6,,66.8,105,93.6,58.2
180,85,106.7,98.2,105.1,,41.4,65.1,49.5,77.8,34.6,18.9,,68,104.9,96.5,60.1
180,90,109.9,102.1,107.9,,42.2,65.1,50.4,78.4,35.8,19.2,,69.2,104.8,99.4,62
180,95,113.1,105.9,110.8,,43,65,51.3,78.9,36.9,19.5,,70.5,104.8,102.3,63.9
180,100,116.2,109.8,113.7,,43.8,65,52.2,79.5,38.1,19.8,,71.7,104.7,105.2,65.7
180,105,119.4,113.6,116.6,,44.6,64.9,53,80,39.3,20.1,,73,104.6,108.2,67.6
180,110,122.4,117.5,119.6,,45.4,64.9,53.9,80.5,40.4,20.3,,74.4,104.5,111.2,69.5
180,115,125.3,121.3,122.7,,46.9,64.9,54.6,81.1,41.5,20.6,,75.7,104.4,114.3,71.3
180,120,128.1,125,125.9,,46.8,64.9,55.3,81.6,42.4,20.9,,77.1,104.3,117.6,73.1
180,125,130.8,128.7,129,,47.5,64.9,56,82.1,43.4,21.2,,78.5,104.2,120.7,74.8
180,130,133.5,132.2,132.1,,48.1,64.9,56.7,82.6,44.3,21.4,,79.8,104.2,123.8,76.6
185,55,87.4,74,87.2,,36.7,67.4,44.6,76.4,27.5,17.3,,60.6,108.5,78.4,48.3
185,60,90.2,77.6,90,,37.4,67.4,45.4,76.9,28.5,17.5,,61.8,108.5,81.2,50.1
185,65,93.2,81.3,92.9,,38.1,67.3,46.3,77.5,29.5,17.8,,63,108.4,84.1,51.9
185,70,96.3,85,95.7,,38.9,67.3,47.1,78,30.6,18.1,,64.2,108.4,87,53.7
185,75,99.4,88.8,98.5,,39.7,67.2,48,78.6,31.8,18.4,,65.4,108.3,89.9,55.6
185,80,102.6,92.6,101.3,,40.4,67.2,48.9,79.1,32.9,18.7,,66.7,108.3,92.7,57.5
185,85,105.7,96.4,104.2,,41.2,67.1,49.8,79.7,34.1,18.9,,67.9,108.2,95.6,59.3
185,90,108.9,100.2,107,,42,67.1,50.7,80.2,35.2,19.2,,69.1,108.1,98.5,61.2
185,95,112,104,109.9,,42.8,67,51.5,80.8,36.4,19.5,,70.4,108.1,101.4,63
185,100,115.2,107.8,112.7,,43.6,67,52.4,81.3,37.5,19.8,,71.6,108,104.2,65
185,105,118.3,111.7,115.6,,44.4,66.9,53.3,81.8,38.7,20.1,,72.9,107.9,107.1,66.8
185,110,121.4,115.5,118.4,,45.1,66.9,54.1,82.3,39.9,20.4,,74.1,107.8,110.1,68.7
185,115,124.5,119.3,121.4,,45.9,66.9,54.9,82.9,41,20.7,,75.4,107.7,113,70.5
185,120,127.3,123,124.4,,46.6,66.8,55.7,83.3,42,21,,76.8,107.5,116.1,72.4
185,125,130,126.7,127.4,,47.3,66.8,56.3,83.8,43,21.2,,78.1,107.4,119.2,74.1
185,130,132.7,130.2,130.5,,48,66.8,57,84.3,43.9,21.5,,79.5,107.3,122.2,75.9
190,60,89.5,75.9,89,,37.3,69.4,45.7,78.7,28.1,17.6,,61.7,111.6,80.3,49.4
190,65,92.4,75.9,91.9,,38,69.3,46.5,79.3,29.1,17.9,,62.9,111.7,83.2,51.2
190,70,95.4,83.2,94.8,,38.7,69.3,47.4,79.8,30.1,18.1,,64.1,111.6,86.1,53
190,75,98.4,87,97.6,,39.4,69.3,48.2,80.4,31.2,18.4,,65.3,111.6,88.9,54.9
190,80,101.6,90.7,100.4,,40.2,69.2,49.1,80.9,32.4,18.7,,66.5,111.8,91.8,56.7
190,85,104.7,94.5,103.3,,41,69.2,50,81.5,33.5,19,,67.8,111.5,94.7,58.6
190,90,107.9,98.3,106.1,,41.8,69.1,50.9,82,34.7,19.3,,69,111.4,97.6,60.5
190,95,111,102.1,108.9,,42.5,69.1,51.8,82.6,35.8,19.6,,70.2,111.3,100.4,62.3
190,100,114.2,106,111.8,,43.3,69,52.6,83.1,37,19.9,,71.5,111.3,103.3,64.2
190,105,117.3,109.8,114.6,,44.1,69,53.5,83.6,38.1,20.1,,72.7,111.2,106.2,66.1
190,110,120.4,113.6,117.4,,44.9,68.9,54.4,84.2,39.3,20.4,,74,111.1,109.1,67.9
190,115,123.5,117.4,120.3,,45.7,68.9,55.2,84.7,40.4,20.7,,75.2,111,112,69.8
190,120,126.5,121.1,123.1,,46.4,68.8,56,85.2,41.6,21,,76.5,110.8,114.9,71.6
190,125,129.3,124.8,126,,47.1,68.8,56.7,85.6,42.6,21.3,,77.8,110.6,117.8,73.4
190,130,131.9,128.3,129,,47.8,68.7,57.4,86,43.6,21.5,,79.1,110.4,120.8,75.2
195,65,91.7,77.9,90.9,,37.9,71.3,46.8,81,28.7,18,,62.8,114.8,82.1,50.6
195,70,94.5,81.5,93.8,,38.5,71.3,47.6,81.6,29.7,18.2,,64,114.8,85.1,52.3
195,75,97.5,85.1,96.7,,39.2,71.3,48.5,82.2,30.7,18.5,,65.2,114.8,88,54.2
195,80,100.6,88.9,99.5,,40,71.2,49.3,82.7,31.8,18.8,,66.4,114.8,90.9,56
195,85,103.7,92.7,102.3,,40.8,71.2,50.2,83.3,33,19,,67.7,114.7,93.8,57.9
195,90,106.8,96.5,105.2,,41.5,71.1,51.1,83.8,34.1,19.3,,68.9,114.7,96.7,59.7
195,95,110,100.3,108,,42.3,71.1,52,84.4,35.3,19.6,,70.1,114.6,99.5,61.6
195,100,113.1,104.1,110.8,,43.1,71.1,52.9,84.9,36.4,19.9,,71.4,114.5,102.4,63.5
195,105,116.3,107.9,113.6,,43.9,71,53.7,85.5,37.6,20.2,,72.6,114.4,105.3,65.3
195,110,119.4,111.7,116.5,,44.7,71,54.6,86,38.7,20.5,,73.8,114.4,108.1,67.2
195,115,122.5,115.5,119.3,,45.4,70.9,55.5,86.5,39.9,20.8,,75.1,114.2,111,69.1
195,120,125.6,119.2,122.1,,46.2,70.8,56.3,87,41,21,,76.3,114.1,113.8,70.9
195,125,128.5,122.9,124.8,,46.9,70.8,57,87.4,42.2,21.3,,77.6,113.9,116.7,72.7
195,130,131.2,126.4,127.6,,47.6,70.7,57.7,87.8,43.2,21.6,,78.9,113.7,119.5,74.5
200,65,91.3,76.4,89.6,,37.8,73.2,47.2,82.6,28.6,18.1,,62.7,117.7,80.8,50
200,70,93.8,79.8,92.6,,38.4,73.2,47.9,83.3,29.4,18.3,,63.9,117.9,83.9,51.7
200,75,96.7,83.4,95.6,,39.1,73.2,48.7,83.9,30.3,18.5,,65.1,118,87,53.5
200,80,99.6,87.1,98.5,,39.8,73.2,49.6,84.5,31.4,18.8,,66.3,118,89.9,55.3
200,85,102.7,90.8,101.4,,40.5,73.2,50.4,85.1,32.5,19.1,,67.6,118,92.8,57.2
200,90,105.8,94.6,104.2,,41.3,73.2,51.3,85.6,33.6,19.4,,68.8,117.9,95.7,59
200,95,109,98.4,107.1,,42.1,73.1,52.2,86.2,34.7,19.7,,70,117.9,98.6,60.9
200,100,112.1,102.2,109.9,,42.9,73.1,53.1,86.7,35.9,19.9,,71.2,117.8,101.5,62.7
200,105,115.2,106,112.7,,43.7,73,53.9,87.3,37,20.2,,72.5,117.7,104.4,64.6
200,110,118.4,109.8,115.5,,44.4,73,54.8,87.8,38.2,20.5,,73.7,117.6,107.2,66.4
200,115,121.5,113.6,118.3,,45.2,72.9,55.7,88.3,39.3,20.8,,74.9,117.5,110,68.3
200,120,124.6,117.3,121.1,,46,72.9,56.5,88.8,40.5,21.1,,76.2,117.4,112.9,70.2
200,125,127.6,121,123.8,,46.7,72.8,57.3,89.3,41.6,21.4,,77.4,117.2,115.6,72
200,130,130.5,124.6,126.5,,47.4,72.7,58.1,89.7,42.7,21.6,,78.6,117,118.4,73.8
178,84,105.9,94.4,104,,41.1,64.2,49.2,76.9,34.8,18.8,,67.2,103.7,94,60.2
178,84,107.7,94.9,103.6,,41.5,64.2,49.6,76.9,35.7,18.9,,67,103.5,93.6,60.5
178,84,105.2,95.7,104.5,,41.1,64.2,49.1,76.9,34.2,18.7,,67.6,103.6,95.1,60
178,84,105.9,94.4,104,,41.1,64.2,49.2,76.9,34.8,18.8,,67.2,103.7,94,60.2
178,84,105.9,94.4,104,,41.1,64.2,49.2,76.9,34.8,18.8,,67.2,103.7,94,60.2
178,84,105.9,94.4,104,,41.1,64.2,49.2,76.9,34.8,18.8,,67.2,103.7,94,60.2
178,84,105.9,94.4,104,,41.1,64.2,49.2,76.9,34.8,18.8,,67.2,103.7,94,60.2
178,75,100.2,87.5,98.8,,39.7,64.3,47.6,75.9,32.7,18.3,,65,103.8,88.8,56.8
178,76,100.8,88.2,99.4,,39.8,64.3,47.8,76,32.9,18.3,,65.3,103.8,89.3,57.2
178,77,101.4,89,100,,40,64.3,48,76.1,33.1,18.4,,65.5,103.8,89.9,57.6
178,78,102.1,89.8,100.5,,40.1,64.3,48.2,76.2,33.4,18.4,,65.8,103.7,90.5,58
178,79,102.7,90.5,101.1,,40.3,64.2,48.3,76.3,33.6,18.5,,66,103.7,91.1,58.3
178,80,103.3,91.3,101.7,,40.4,64.2,48.5,76.4,33.8,18.5,,66.3,103.7,91.7,58.7
178,81,104,92.1,102.3,,40.6,64.2,48.7,76.5,34.1,18.6,,66.5,103.7,92.2,59.1
178,82,104.6,92.8,102.8,,40.8,64.2,48.9,76.6,34.3,18.7,,66.8,103.7,92.8,59.5
178,83,105.2,96.6,103.4,,40.9,64.2,49.1,76.7,34.5,18.7,,67,103.7,93.4,59.8
178,84,105.9,94.4,104,,41.1,64.2,49.2,76.9,34.8,18.8,,67.2,103.7,94,60.2
178,85,106.5,95.1,104.5,,41.2,64.2,49.4,77,35,18.8,,67.5,103.6,94.5,60.6
175,84,106.5,95.5,104.6,,41.2,63,49.1,75.7,35.1,18.8,,67.3,101.7,94.5,60.7
176,84,106.3,95.1,104.4,,41.1,64.3,49.1,76.1,35,18.8,,67.3,102.3,94.3,60.5
177,84,106.1,94.7,104.2,,41.1,63.8,49.2,76.5,34.9,18.8,,67.3,103,94.1,60.4
178,84,105.9,94.4,104,,41.1,64.2,49.2,76.9,34.8,18.8,,67.2,103.7,94,60.2
179,84,105.7,94,103.8,,41,64.6,49.3,77.2,34.7,18.8,,67.2,104.3,93.8,60.1
180,84,105.5,93.6,103.6,,41,65,49.3,77.6,34.5,18.8,,67.2,105,93.6,59.9
178,84,105.9,94.4,104,,41.1,64.2,49.2,76.9,34.9,18.8,,67.2,103.7,94,60.2
178,84,105.9,94.4,104,,41.1,64.2,49.2,76.9,34.8,18.8,,67.2,103.7,94,60.2
178,84,105.9,94.4,104,,41.1,64.2,49.2,76.9,34.8,18.8,,67.2,103.7,94,60.2
150,80,109.1,103,109.6,,41.9,53.5,47.2,66.6,37.1,18.5,,68,85.6,99.1,63.3
155,80,108.1,100.4,107.2,,41.6,55.1,47.4,68.1,36.5,18.4,,67.3,88.7,96.8,62.5
160,80,107,98.1,105.5,,41.3,57,47.7,69.8,35.9,18.4,,66.9,91.9,95.2,61.6
165,80,106,96.2,104.2,,41,58.9,47.9,71.6,35.4,18.4,,66.6,95.2,94.1,60.8
170,80,105,94.3,103.2,,40.8,61,48.1,73.5,34.8,18.5,,66.5,98.5,93.1,60
175,80,104,92.4,102.3,,40.6,63,48.4,75.3,34.2,18.5,,66.3,101.8,92.2,59.2
180,80,102.9,90.6,101.3,,40.4,65.1,48.6,77.2,33.6,18.6,,66.2,105,91.3,58.4
185,80,101.9,88.7,100.4,,40.1,67.1,48.8,79,33,18.6,,66.1,108.3,90.4,57.6
190,80,100.9,86.9,99.5,,39.9,69.1,49.1,80.8,32.5,18.6,,66,111.5,89.5,56.9
195,80,99.8,84.9,98.6,,39.7,71.2,49.3,82.6,31.9,18.7,,65.8,114.8,88.6,56.1
200,80,98.8,83,97.7,,39.4,73.2,49.5,84.4,31.3,18.7,,65.7,118,87.7,55.4
150,80,110.6,104.3,106.5,,42.3,53,47.5,66.8,37.6,18.4,,66.8,84.9,97.2,63
155,80,109.7,102,105.6,,42.1,55,47.8,68.5,37.1,18.4,,66.8,88.3,96.1,62.3
160,80,108.7,99.7,104.6,,41.8,57,48,70.2,36.6,18.5,,66.5,91.6,95,61.6
165,80,107.7,97.5,103.7,,41.5,59,48.3,72,36.1,18.5,,66.3,94.9,93.9,60.8
170,80,106.8,95.2,102.8,,41.2,61,48.5,73.7,35.6,18.5,,66.2,98.2,92.9,60.1
175,80,105.8,93,101.9,,41,63,48.7,75.4,35.1,18.6,,66,101.5,91.8,59.4
180,80,104.8,90.7,100.9,,40.7,65,49,77.2,34.6,18.6,,65.9,104.9,90.7,58.7
185,80,103.8,88.4,100,,40.4,67,49.2,78.9,34,18.7,,65.8,108.2,89.7,58
190,80,102.9,86.2,99.1,,40.1,69,49.4,80.6,33.5,18.7,,65.6,111.5,88.6,57.2
195,80,101.9,83.9,98.1,,39.9,71,49.7,82.4,33,18.8,,65.5,114.8,87.5,56.5
200,80,100.9,81.7,97.2,,39.6,72.9,49.9,84.1,32.5,18.8,,65.3,118.2,86.5,55.8
150,80,108.8,104.2,109.7,,41.8,53.3,47.1,66.5,36.6,18.4,,68.2,85.5,99.8,63.1
155,80,107.6,101.6,107.4,,41.5,55,47.3,68.1,36,18.3,,67.5,88.6,97.7,62.2
160,80,106.4,99.4,105.8,,41.3,57,47.5,69.8,35.4,18.3,,67.2,91.8,96.2,61.3
165,80,105.4,97.5,104.7,,41,59,47.7,71.7,34.8,18.4,,67,95.1,95.2,60.5
170,80,104.3,95.6,103.7,,40.8,61,48,73.5,34.2,18.4,,66.8,98.4,94.2,59.7
175,80,103.3,93.7,102.8,,40.6,63,48.2,75.3,33.6,18.5,,66.7,101.7,93.3,58.9
180,80,102.3,91.9,101.8,,40.4,65.1,48.4,77.2,33.1,18.5,,66.6,105,92.5,58.1
185,80,101.2,90,100.9,,40.1,67.1,48.7,79,32.5,18.5,,66.5,108.2,91.6,57.4
190,80,100.2,88.1,100,,39.9,69.1,48.9,80.8,31.9,18.6,,66.3,111.5,90.6,56.6
195,80,99.1,86.2,99.1,,39.7,71.2,49.1,82.6,31.3,18.6,,66.2,114.7,89.7,55.9
200,80,98.1,84.2,98.2,,39.4,73.2,49.3,84.4,30.7,18.7,,66.1,117.9,88.8,55.2
180,60,90.3,75.3,89.9,,37.2,65.3,45.1,75,29,17.4,,61.3,105.3,79.8,50.9
180,65,93.4,79.1,92.8,,38,65.2,45.9,75.5,30.1,17.7,,62.5,105.2,82.7,52.8
180,70,96.6,82.9,95.6,,38.8,65.2,46.8,76.1,31.3,18,,63.7,105.2,85.5,54.6
180,75,99.8,86.7,98.5,,39.6,65.1,47.7,76.6,32.5,18.3,,65,105.1,88.4,56.5
180,80,102.9,90.6,101.3,,40.4,65.1,48.6,77.2,33.6,18.6,,66.2,105,91.3,58.4
180,85,106.1,94.4,104.2,,41.1,65,49.5,77.7,34.8,18.9,,67.4,105,94.2,60.3
180,90,109.3,98.2,107,,41.9,64.9,50.4,78.2,35.9,19.1,,68.7,104.9,97.1,62.2
180,95,112.4,102,109.9,,42.7,64.9,51.3,78.8,37.1,19.4,,70,104.8,99.9,64.1
180,100,115.5,105.8,112.8,,43.4,64.9,52.1,79.3,38.3,19.7,,71.2,104.7,102.9,66
180,105,118.4,109.5,115.7,,44.2,64.8,52.9,79.7,39.5,20,,72.6,104.5,105.8,67.9
180,110,121.1,113,118.8,,44.8,64.9,53.6,80.1,40.6,20.3,,74,104.3,108.8,69.8
180,115,123.6,116.5,121.8,,45.4,64.9,54.2,80.5,41.6,20.6,,75.3,104.1,111.8,71.6
180,120,126.1,119.9,124.8,,46.1,64.9,54.9,81,42.6,20.9,,76.7,104,114.8,73.3
180,125,128.8,123.4,127.7,,46.7,64.9,55.6,81.5,43.5,21.1,,77.9,104,117.8,75.1
180,130,131.6,126.9,130.6,,47.3,64.9,56.4,82,44.5,21.4,,79.1,103.9,120.7,76.9
180,55,89.1,70,86.3,,36.5,65,44.5,74.2,28.7,17.1,,59.5,105.2,75.5,49.3
180,60,92.2,74.2,89.3,,37.3,65,45.4,74.8,29.2,17.4,,60.8,105.2,78.5,51.2
180,65,95.4,78.3,92.2,,38.2,65,46.3,75.4,31,17.7,,62.1,105.1,81.6,53.1
180,70,98.5,82.4,95.1,,39,65,47.2,76,32.2,18,,63.4,105,84.6,54.9
180,75,101.7,86.6,98,,39.8,65,48.1,76.6,33.4,18.3,,64.6,104.9,87.7,56.8
180,80,104.8,90.7,100.9,,40.7,65,49,77.2,34.6,18.6,,65.9,104.9,90.7,58.7
180,85,108,94.8,103.8,,41.5,65,49.9,77.8,35.7,18.9,,67.2,104.8,93.8,60.5
180,90,111.1,99,106.8,,42.4,65,50.7,78.3,36.9,19.2,,68.4,104.7,96.8,62.4
180,95,114.3,103.1,109.7,,43.2,65,51.6,78.9,38.1,19.5,,69.7,104.6,99.9,64.3
180,100,117.4,107.2,112.6,,44,65,52.5,79.5,39.3,19.8,,71,104.6,102.9,66.1
180,105,120.6,114.4,115.5,,44.9,65,53.4,80.1,40.5,20.1,,72.3,104.5,106,68
180,110,123.7,115.5,118.4,,45.7,65,54.3,80.7,41.6,20.4,,73.5,104.4,109,69.9
180,115,126.9,119.6,121.4,,46.6,65,55.2,81.3,42.8,20.7,,74.8,104.4,112.1,71.7
180,120,130,123.7,124.3,,47.4,65,56.1,81.9,44,21,,76.1,104.3,115.1,73.6
180,125,133.2,127.9,127.2,,48.2,65,57,82.5,45.2,21.3,,77.3,104.2,118.2,75.5
180,130,136.3,132,130.1,,49.1,65,57.9,83,46.3,21.6,,78.6,104.1,121.2,77.3
180,55,86.4,72.7,87.6,,36.5,65.3,44,74.4,27.2,17.1,,60.4,105.2,78.1,48.8
180,60,89.6,76.6,90.5,,37.2,65.3,44.9,75,28.4,17.3,,61.6,105.2,80.9,50.6
180,65,92.8,80.4,93.3,,38,65.2,45.8,75.5,29.6,17.6,,62.9,105.1,83.8,52.5
180,70,95.9,84.2,96.1,,38.8,65.2,46.7,76.1,30.7,17.9,,64.1,105.1,86.7,54.4
180,75,99.1,88,99,,39.6,65.1,47.5,76.6,31.9,18.2,,65.3,105,89.6,56.3
180,80,102.3,91.9,101.8,,40.4,65.1,48.4,77.2,33.1,18.5,,66.6,105,92.5,58.1
180,85,105.4,95.7,104.7,,41.1,65,49.3,77.7,34.2,18.8,,67.8,104.9,95.3,60
180,90,108.6,99.5,107.5,,41.9,65,50.2,78.3,35.4,19.1,,69.1,104.8,98.2,61.9
180,95,111.8,103.3,110.4,,42.7,64.9,51.1,78.8,36.6,19.4,,70.3,104.8,101.1,63.8
180,100,114.9,107.2,113.3,,43.4,64.9,52,79.3,37.7,19.7,,71.6,104.7,104,65.7
180,105,118,110.9,116.3,,44.2,64.9,52.8,79.8,38.9,20,,72.9,104.6,107,67.6
180,110,120.9,114.6,119.4,,44.8,64.9,53.6,80.3,40.1,20.3,,74.3,104.4,110,69.5
180,115,123.6,118.1,122.5,,45.4,64.9,54.2,80.6,41.1,20.5,,75.7,104.2,113.1,71.4
180,120,126.2,121.5,125.6,,45.9,64.9,54.9,81.1,42.1,20.8,,77.1,104.1,116.1,73.2
180,125,128.8,125,128.6,,46.6,64.9,55.5,81.6,43.1,21,,78.4,104,119.1,75
180,130,131.6,128.5,131.5,,47.2,64.9,56.3,82.1,44,21.3,,79.6,103.9,122,76.8
150,50,90.1,78.7,89.8,,37,53.1,41.9,62.8,30.1,16.6,,59.5,85.6,79.3,51.8
150,55,93.3,82.6,92.7,,37.8,53,42.7,63.4,31.2,16.9,,60.7,85.6,82.3,53.7
150,60,96.5,86.4,95.6,,38.6,53,43.6,63.9,32.4,17.2,,62,85.5,85.2,55.6
150,65,99.7,90.4,98.7,,39.4,53,44.6,64.5,33.6,17.5,,63.3,85.5,88.3,57.5
150,70,102.9,94.5,102,,40.2,53.1,45.5,65.1,34.8,17.8,,64.8,85.5,91.6,59.4
150,75,106.1,98.7,105.6,,41.1,53.2,46.4,65.8,36,18.1,,66.3,85.5,95.2,61.4
150,80,109.1,103,109.6,,41.9,53.5,47.2,66.6,37.1,18.5,,68,85.6,99.1,63.3
150,85,112,107,113.3,,42.6,53.7,48,67.3,38.1,18.8,,69.6,85.7,102.8,65.2
150,90,114.8,110.7,116.6,,43.3,53.7,48.8,67.9,39.1,19,,71,85.7,106.1,67
150,95,117.5,114.3,119.6,,43.9,53.8,49.6,68.4,40,19.3,,72.3,85.7,109.1,68.8
150,100,120.3,117.9,122.5,,44.6,53.7,50.3,69,41,19.5,,73.5,85.7,112.1,70.5
150,105,123.1,121.5,125.4,,45.3,53.7,51.1,69.5,42,19.8,,74.7,85.7,115,72.3
150,110,125.9,125,128.3,,45.9,53.7,51.8,70.1,43,20,,76,85.6,118,74.1
150,115,128.7,128.6,131.2,,46.6,53.7,52.6,70.6,43.9,20.3,,77.2,85.6,120.9,75.9
150,120,131.5,132.1,134,,47.3,53.6,53.4,71.2,44.9,20.5,,78.4,85.6,123.8,77.6
150,125,134.3,135.7,136.9,,47.9,53.6,54.1,71.7,45.9,20.8,,79.6,85.5,126.7,79.4
150,130,137.1,139.2,139.8,,48.6,53.6,54.9,72.2,46.8,21,,80.9,85.5,129.7,81.2
155,50,88.4,76.8,88.8,,36.8,55.1,42.1,64.7,29.5,16.6,,59.4,89,78.4,51
155,55,92.2,80.7,91.7,,37.6,55.1,43,65.2,30.7,16.9,,60.6,88.9,81.3,52.9
155,60,95.4,84.5,94.6,,38.4,55,43.9,65.8,31.8,17.2,,61.8,88.8,84.2,54.8
155,65,98.6,88.4,97.5,,39.1,55,44.8,66.3,33,17.5,,63.1,88.8,87.2,56.7
155,70,101.8,92.3,100.5,,39.9,55,45.7,66.9,34,17.8,,64.4,88.7,90.2,58.6
155,75,104.9,96.3,103.7,,40.7,55,46.6,67.5,35.4,18.1,,65.8,88.7,93.3,60.5
155,80,108.1,100.4,107.2,,41.6,55.1,47.4,68.1,36.5,18.4,,67.3,88.7,96.8,62.5
155,85,111.1,104.5,110.9,,42.3,55.3,48.3,68.8,37.7,18.8,,68.9,88.7,100.5,64.4
155,90,113.9,108.5,114.6,,43.1,55.5,49.1,69.5,38.7,19.1,,70.5,88.8,104.2,66.2
155,95,116.7,112.2,117.9,,43.7,55.6,49.8,70.1,39.7,19.3,,71.9,88.8,107.5,68.1
155,100,119.4,115.8,120.9,,44.4,55.6,50.6,70.6,40.6,19.6,,73.2,88.8,110.6,69.5
155,105,122.2,119.4,123.8,,45.1,55.6,51.3,71.2,41.6,19.8,,74.5,88.7,113.5,71.6
155,110,125,123,126.7,,45.7,55.6,52.1,71.7,42.6,20.1,,75.7,88.7,116.5,73.4
155,115,127.8,126.5,129.6,,46.4,55.5,52.9,72.3,43.5,20.3,,76.9,88.7,119.4,75.1
155,120,130.6,130.1,132.5,,47.1,55.5,53.6,72.8,44.5,20.6,,78.1,88.6,122.3,76.9
155,125,133.4,133.6,135.4,,47.7,55.5,54.4,73.3,45.5,20.8,,79.4,88.6,125.2,78.7
155,130,136.2,137.2,138.3,,48.4,55.5,55.1,73.9,46.4,21.1,,80.6,88.6,128.2,80.4
160,50,88,75,87.9,,36.6,57.2,42.3,66.5,28.9,16.7,,59.2,92.3,77.5,50.2
160,55,91.2,78.8,90.8,,37.3,57.1,43.2,67,30.1,16.9,,60.5,92.2,80.4,52.1
160,60,94.4,82.6,93.6,,38.1,57.1,44.1,67.6,31.3,17.2,,61.7,92.1,83.3,54
160,65,97.5,86.5,96.5,,38.9,57,45,68.1,32.4,17.5,,63,92.1,86.2,55.9
160,70,100.7,90.3,99.4,,39.7,57,45.9,68.7,33.6,17.8,,64.2,92,89.1,57.8
160,75,103.9,94.2,102.4,,40.5,57,46.8,69.3,34.8,18.1,,65.5,91.9,92.1,59.7
160,80,107,98.1,105.5,,41.3,57,47.7,69.8,35.9,18.4,,66.9,91.9,95.2,61.6
160,85,110.1,102.2,108.8,,42.1,57,48.5,70.4,37.1,18.7,,68.3,91.8,98.5,63.5
160,90,113.1,106.2,112.4,,42.8,57.2,49.4,71,38.2,19.1,,69.9,91.8,102.1,65.5
160,95,115.8,110.1,116,,43.5,57.4,50.1,71.7,39.3,19.4,,71.5,91.8,105.6,67.3
160,100,118.6,113.8,119.2,,44.2,57.5,50.8,72.2,40.2,19.6,,72.9,91.8,108.9,69.1
160,105,123.3,117.3,122.3,,44.9,57.5,51.6,72.8,41.2,19.9,,74.2,91.8,112,70.9
160,110,124.1,120.9,125.2,,45.5,57.5,52.3,73.3,42.2,20.1,,75.4,91.8,115,72.7
160,115,126.9,124.4,128.1,,46.2,57.4,53.1,73.9,43.1,20.4,,76.6,91.7,117.9,74.4
160,120,129.7,128,131,,46.9,57.4,53.9,74.4,44.1,20.6,,77.8,91.7,120.8,76.2
160,125,132.4,131.5,133.8,,47.5,57.4,54.6,75,45.1,20.9,,79.1,91.7,123.8,78
160,130,135.2,135.1,136.7,,48.2,57.4,55.4,75.5,46,21.2,,80.3,91.6,126.7,79.7
165,50,87,73.2,87,,36.3,59.2,42.6,68.3,28.4,16.7,,59.1,95.6,76.7,49.4
165,55,90.2,77,89.8,,37.1,59.2,43.4,68.9,29.5,17,,60.4,95.5,79.5,51.3
165,60,93.3,80.8,92.7,,37.9,59.1,44.3,69.4,30.7,17.3,,61.6,95.4,82.4,53.2
165,65,96.5,84.6,95.6,,38.7,59.1,45.2,70,31.8,17.6,,62.8,95.4,85.3,55.1
165,70,99.7,88.5,98.4,,39.5,59,46.1,70.5,33,17.9,,64.1,95.3,88.2,57
165,75,102.8,92.3,101.3,,40.2,59,47,71.1,34.2,18.1,,65.3,95.2,91.1,58.9
165,80,106,96.2,104.2,,41,58.9,47.9,71.6,35.4,18.4,,66.6,95.2,94.1,60.8
165,85,109.1,100,107.3,,41.8,58.9,48.8,72.2,36.5,18.7,,68,95.1,97.1,62.7
165,90,112.2,104,110.5,,42.6,59,49.6,72.7,37.7,19.1,,69.4,95,100.3,64.6
165,95,115.1,107.9,113.9,,43.3,59.1,50.4,73.3,38.8,19.4,,70.9,95,103.7,66.5
165,100,117.8,111.7,117.4,,44,59.2,51.1,73.9,39.9,19.7,,72.4,94.9,107.2,68.4
165,105,120.5,115.3,120.6,,44.7,59.3,51.9,74.4,40.8,19.9,,73.8,94.9,110.4,70.2
165,110,123.2,118.8,123.6,,45.3,59.3,52.6,75,41.8,20.2,,75.1,94.8,113.4,71.9
165,115,126,122.4,126.5,,46,59.3,53.3,75.5,42.7,20.5,,76.3,94.8,116.4,73.7
165,120,128.7,125.9,129.4,,46.6,59.3,54.1,76.1,43.7,20.7,,77.6,94.8,119.3,75.5
165,125,131.5,129.5,132.3,,47.3,59.3,54.9,76.6,44.7,21,,78.8,94.7,122.3,77.2
165,130,134.3,133,135.2,,48,59.2,55.6,77.1,45.7,21.2,,80,94.7,125.2,79
170,50,86,71.3,86.1,,36.1,61.3,42.8,70.2,27.8,16.7,,59,98.9,75.8,48.7
170,55,89.2,75.1,88.9,,36.9,61.2,43.7,70.7,29,17,,60.2,98.8,78.7,50.5
170,60,92.3,79,91.8,,37.7,61.2,44.6,71.3,30.1,17.3,,61.5,98.7,81.5,52.4
170,65,95.5,82.8,94.6,,38.5,61.1,45.5,71.8,31.3,17.6,,62.7,98.7,84.4,54.3
170,70,98.6,86.6,97.5,,39.2,61.1,46.4,72.4,32,17.9,,64,98.6,87.3,56.2
170,75,101.8,90.4,100.3,,40,61,47.2,72.9,33.6,18.2,,65.2,98.5,90.2,58.1
170,80,105,94.3,103.2,,40.8,61,48.1,73.5,34.8,18.5,,66.5,98.5,93.1,60
170,85,108.1,98.1,106.1,,41.6,60.9,49,74,35.9,18.8,,67.7,98.4,96,61.9
170,90,111.3,102,109.1,,42.3,60.9,49.9,74.6,37.1,19.1,,69,98.3,99,63.8
170,95,114.3,105.8,112.2,,43.1,60.9,50.7,75.1,38.3,19.4,,70.4,98.2,102.1,65.7
170,100,117.1,109.6,115.5,,43.8,61,51.5,75.6,39.4,19.7,,71.9,98.1,105.4,67.6
170,105,119.7,113.3,118.8,,44.5,61.1,52.2,76.1,40.4,20,,73.4,98,108.7,69.4
170,110,122.4,116.8,122,,45.1,61.2,52.9,76.6,41.4,20.2,,74.8,97.9,111.9,71.2
170,115,125.1,120.3,125,,45.8,61.2,53.6,77.2,42.4,20.5,,76,97.9,114.9,73
170,120,127.8,123.9,127.9,,46.4,61.2,54.4,77.7,43.3,20.8,,77.3,97.9,117.8,74.8
170,125,130.6,127.4,130.8,,47.1,61.2,55.1,78.2,44.3,21,,78.5,97.8,120.8,76.5
170,130,133.4,131,133.6,,47.8,61.1,55.9,78.8,45.3,21.3,,79.7,97.8,123.7,78.3
175,50,85,69.5,85.1,,35.9,63.3,43,72,27.2,16.8,,58.9,102.1,74.9,47.9
175,55,88.1,73.3,88,,36.7,63.2,43.9,72.6,28.4,17.1,,60.1,102.1,77.8,49.8
175,60,91.3,77.1,90.8,,37.5,63.2,44.8,73.1,29.5,17.4,,61.4,102,80.7,51.6
175,65,94.5,80.9,93.7,,38.2,63.2,45.7,73.7,30.7,17.7,,62.6,102,83.5,53.5
175,70,97.6,84.8,96.5,,39,63.1,46.6,74.2,31.9,17.9,,63.8,101.9,86.4,55.4
175,75,100.8,88.6,99.4,,39.8,63.1,47.5,74.8,33,18.2,,65.1,101.8,89.3,57.3
175,80,104,92.4,102.3,,40.6,63,48.4,75.3,34.2,18.5,,66.3,101.8,92.2,59.2
175,85,107.1,96.2,105.1,,41.3,63,49.3,75.9,35.4,18.8,,67.6,101.7,95.1,61.1
175,90,110.3,100.1,108,,42.1,62.9,50.1,76.4,36.5,19.1,,68.8,101.6,98,63
175,95,113.4,103.9,111,,42.9,62.9,51,76.9,37.7,19.4,,70.1,101.5,100.9,64.9
175,100,116.4,107.7,114,,43.6,62.9,51.8,77.4,38.9,19.7,,71.5,101.4,103.9,66.8
175,105,119.1,111.3,117.1,,44.3,62.9,52.6,77.9,40,20,,72.9,101.2,107.1,68.7
175,110,121.7,114.9,120.3,,45,63,53.2,78.3,41,20.3,,74.4,101.1,110.3,70.5
175,115,124.3,118.3,123.4,,45.6,63.1,53.9,78.8,42,20.5,,75.7,101,113.3,72.3
175,120,126.9,121.9,126.3,,46.2,63.1,54.6,79.3,42.9,20.8,,77,100.9,116.3,74
175,125,129.7,125.4,129.2,,46.9,63,55.4,79.9,43.9,21.1,,78.2,100.9,119.3,75.8
175,130,132.5,128.9,132.1,,47.6,63,56.1,80.4,44.9,21.3,,79.4,100.9,122.2,77.6
180,55,87.1,71.4,87.1,,36.5,65.3,44.2,74.4,27.8,17.1,,60,105.3,76.9,49
180,60,90.3,75.3,89.9,,37.2,65.3,45.1,75,29,17.4,,61.3,105.3,79.8,50.9
180,65,93.4,79.1,92.8,,38,65.2,45.9,75.5,30.1,17.7,,62.5,105.2,82.7,52.8
180,70,96.6,82.9,95.6,,38.8,65.2,46.8,76.1,31.3,18,,63.7,105.2,85.5,54.6
180,75,99.8,86.7,98.5,,39.6,65.1,47.7,76.6,32.5,18.3,,65,105.1,88.4,56.5
180,80,102.9,90.6,101.3,,40.4,65.1,48.6,77.2,33.6,18.6,,66.2,105,91.3,58.4
180,85,106.1,94.4,104.2,,41.1,65,49.5,77.7,34.8,18.9,,67.4,105,94.2,60.3
180,90,109.3,98.2,107,,41.9,64.9,50.4,78.2,35.9,19.1,,68.7,104.9,97.1,62.2
180,95,112.4,102,109.9,,42.7,64.9,51.3,78.8,37.1,19.4,,70,104.8,99.9,64.1
180,100,115.5,105.8,112.8,,43.4,64.9,52.1,79.3,38.3,19.7,,71.2,104.7,102.9,66
180,105,118.4,109.5,115.7,,44.2,64.8,52.9,79.7,39.5,20,,72.6,104.5,105.8,67.9
180,110,121.1,113,118.8,,44.8,64.9,53.6,80.1,40.6,20.3,,74,104.3,108.8,69.8
180,115,123.6,116.5,121.8,,45.4,64.9,54.2,80.5,41.5,20.6,,75.3,104.1,111.8,71.6
180,120,126.1,119.9,124.8,,46.1,64.9,54.9,81,42.6,20.9,,76.7,104,114.8,73.3
180,125,128.8,123.4,127.7,,46.7,64.9,55.6,81.5,43.5,21.1,,77.9,104,117.8,75.1
180,130,131.6,126.9,130.5,,47.3,64.9,56.4,82,44.5,21.4,,79.1,103.9,120.7,76.9
185,55,86.1,69.6,86.2,,36.2,67.4,44.4,76.2,27.2,17.2,,59.9,108.6,76,48.3
185,60,89.3,73.4,89,,37,67.3,45.3,76.8,28.4,17.5,,61.1,108.5,78.9,50.1
185,65,92.4,77.2,91.8,,37.8,67.3,46.2,77.3,29.6,17.7,,62.4,108.5,81.8,52
185,70,95.6,81,94.7,,38.6,67.2,47.1,77.9,30.7,18,,63.6,108.4,84.7,53.9
185,75,98.7,84.9,97.5,,39.4,67.2,48,78.4,31.9,18.3,,64.8,108.4,87.5,55.8
185,80,101.9,88.7,100.4,,40.1,67.1,48.8,79,33,18.6,,66.1,108.3,90.4,57.6
185,85,105.1,92.5,103.2,,40.9,67,49.7,79.5,34.2,18.9,,67.3,108.2,93.3,59.5
185,90,108.2,96.3,106.1,,41.7,67,50.6,80.1,35.4,19.2,,68.6,108.2,96.2,61.4
185,95,111.4,100.1,108.9,,42.5,66.9,51.5,80.6,36.5,19.5,,69.8,108.1,99,63.3
185,100,114.5,103.9,111.8,,43.2,66.9,52.4,81.1,37.7,19.8,,71.1,108,101.9,65.2
185,105,117.6,107.7,114.6,,44,66.8,53.2,81.6,38.9,20.1,,72.3,107.9,104.8,67.1
185,110,120.4,111.3,117.5,,44.7,66.8,54,82,40.1,20.4,,73.6,107.7,107.6,69
185,115,123,114.7,120.4,,45.3,66.8,54.7,82.4,41.2,20.6,,75,107.4,110.5,70.8
185,120,125.5,118,123.2,,45.9,66.8,55.3,82.8,42.2,20.9,,76.3,107.2,113.4,72.6
185,125,128,121.4,126.1,,46.5,66.8,55.9,83.2,43.1,21.2,,77.6,107.1,116.3,74.4
185,130,130.7,124.9,129,,47.1,66.8,56.6,83.7,44.1,21.4,,78.9,107,119.2,76.2
190,60,88.2,71.5,88.1,,36.8,69.3,45.5,78.6,27.8,17.5,,61,111.8,78,49.4
190,65,91.4,75.3,90.9,,37.6,69.3,46.4,79.2,29,17.8,,62.3,111.7,80.9,51.3
190,70,94.5,79.2,93.8,,38.4,69.2,47.3,79.7,30,18.1,,63.5,111.7,83.8,53.1
190,75,97.7,83,96.6,,39.1,69.2,48.2,80.3,31.3,18.4,,64.7,111.5,86.6,55
190,80,100.9,86.8,99.5,,39.9,69.1,49.1,80.8,32.5,18.6,,66,111.5,89.5,56.9
190,85,104,90.6,102.3,,40.7,69.1,50,81.4,33.6,18.9,,67.2,111.5,92.4,58.8
190,90,107.2,94.5,105.1,,41.5,69,50.8,81.9,34.8,19.2,,68.4,111.4,95.3,60.6
190,95,110.4,98.3,108,,42.2,69,51.7,82.4,36,19.5,,69.7,111.3,98.1,62.5
190,100,113.5,102.1,110.8,,43,68.9,52.6,83,37.1,19.8,,70.9,111.3,101,64.4
190,105,116.6,105.9,113.6,,43.8,68.9,53.5,83.5,38.3,20.1,,72.2,111.2,103.8,66.3
190,110,119.6,109.5,116.4,,44.5,68.8,54.3,83.9,39.5,20.4,,73.4,111,106.6,68.2
190,115,122.4,113.1,119.2,,45.2,68.8,55,84.3,40.6,20.7,,74.7,110.8,109.4,70.1
190,120,124.9,116.3,121.9,,45.8,68.7,55.7,84.6,41.7,21,,76,110.5,112.1,71.9
190,125,127.3,119.6,124.7,,46.4,68.7,56.3,84.9,42.7,21.2,,77.3,110.2,114.9,73.7
190,130,129.9,122.9,127.5,,47,68.7,56.9,85.4,43.7,21.5,,78.6,110.1,117.8,75.5
195,65,90.3,73.4,90.1,,37.3,71.3,46.6,81,28.4,17.8,,62.2,115,80,50.5
195,70,93.5,77.3,92.9,,38.1,71.3,47.5,81.5,29.6,18.1,,63.4,114.9,82.9,52.4
195,75,96.7,81.1,95.7,,38.9,71.2,48.4,82.1,30.7,18.4,,64.6,114.8,85.7,54.3
195,80,99.8,84.9,98.6,,39.7,71.2,49.3,82.6,31.9,18.7,,65.8,114.8,88.6,56.1
195,85,103,88.7,101.4,,40.5,71.1,50.2,83.2,33.1,19,,67.1,114.7,91.5,58
195,90,106.2,92.6,104.2,,41.2,71.1,51.1,83.7,34.2,19.3,,68.3,114.7,94.4,59.9
195,95,109.3,96.4,107.1,,42,71,51.9,84.3,35.4,19.6,,69.6,114.6,97.2,61.8
195,100,112.5,100.2,109.9,,42.8,71,52.8,84.8,36.6,19.8,,70.8,114.5,100.1,63.6
195,105,115.6,104,112.7,,43.6,70.9,53.7,85.3,37.7,20.1,,72,114.4,102.9,65.5
195,110,118.7,107.7,115.5,,44.3,70.8,54.6,85.8,38.9,20.4,,73.3,114.3,105.7,67.4
195,115,121.7,111.3,118.2,,45.1,70.8,55.4,86.2,40.1,20.7,,74.5,114.1,108.5,69.3
195,120,124.4,114.7,120.8,,45.7,70.7,56.1,86.6,41.2,21,,75.8,113.9,111.1,71.2
195,125,126.8,117.9,123.4,,46.3,70.6,56.7,86.8,42.3,21.3,,77,113.5,113.7,73
195,130,129.2,121,126.1,,46.8,70.6,57.3,87.1,43.3,21.5,,78.3,113.3,116.4,74.7
200,65,89.3,71.5,89.2,,37.1,73.3,46.8,82.8,27.9,17.9,,62.1,118.2,79,49.9
200,70,92.4,75.3,92,,37.9,73.3,47.7,83.3,29,18.2,,63.3,118.1,81.9,51.7
200,75,95.6,79.2,94.8,,38.7,73.2,48.6,83.9,30.2,18.4,,64.5,118.1,84.8,53.6
200,80,98.8,83,97.7,,39.4,73.2,49.5,84.4,31.3,18.7,,65.7,118,87.7,55.4
200,85,101.9,86.8,100.5,,40.2,73.1,50.4,85,32.5,19,,67,118,90.6,57.3
200,90,105.1,90.6,103.3,,41,73.1,51.3,85.5,33.7,19.3,,68.2,117.9,93.4,59.2
200,95,108.3,94.4,106.1,,41.8,73,52.1,86.1,34.8,19.6,,69.4,117.8,96.3,61
200,100,111.4,98.3,109,,42.6,73,53,86.6,36,19.9,,70.7,117.8,99.2,62.9
200,105,114.6,102.1,111.8,,43.4,72.9,53.9,87.1,37.1,20.2,,71.9,117.7,102,64.8
200,110,117.7,105.8,114.5,,44.1,72.9,54.8,87.6,38.3,20.5,,73.1,117.6,104.8,66.6
200,115,120.8,109.5,117.3,,44.9,72.8,55.6,88.1,39.5,20.8,,74.4,117.4,107.6,68.5
200,120,123.6,113.1,119.9,,45.6,72.7,56.4,88.5,40.7,21,,75.6,117.2,110.3,70.4
200,125,126.3,116.3,122.4,,46.2,72.6,57.1,88.8,41.8,21.3,,76.8,116.9,112.8,72.2
200,130,128.6,119.4,124.9,,46.7,72.5,57.7,89,42.9,21.6,,78,116.6,115.2,74
178,84,107.3,102.3,105.9,,41.7,64.4,49.4,77.2,34.5,18.9,,68.4,103.7,98.7,59.8
178,84,107.9,100.9,105.4,,41.7,64.4,49.5,77.2,35.1,18.9,,68,103.7,97.6,60.1
178,84,107,104.1,106.7,,41.8,64.4,49.2,77.3,34,18.8,,68.8,103.6,100.1,59.6
178,84,107.3,102.3,105.9,,41.7,64.4,49.4,77.2,34.5,18.9,,68.4,103.7,98.7,59.8
178,84,107.3,102.3,105.9,,41.7,64.4,49.4,77.2,34.5,18.9,,68.4,103.7,98.7,59.8
178,84,107.3,102.3,105.9,,41.7,64.4,49.4,77.2,34.5,18.9,,68.4,103.7,98.7,59.8
178,84,107.3,102.3,105.9,,41.7,64.4,49.4,77.2,34.5,18.9,,68.4,103.7,98.7,59.8
178,75,101.8,95.6,100.9,,40.4,64.5,47.8,76.2,32.5,18.4,,66.2,103.8,93.6,56.5
178,76,102.4,96.4,101.5,,40.5,64.5,48,76.4,32.7,18.4,,66.5,103.8,94.2,56.8
178,77,103,97.1,102,,40.7,64.5,48.2,76.5,32.9,18.5,,66.7,103.8,94.2,57.2
178,78,103.6,97.8,102.6,,40.8,64.5,48.3,76.6,33.1,18.5,,66.9,103.8,95.3,57.6
178,79,104.2,98.6,103.1,,41,64.5,48.5,76.7,33.4,18.6,,67.2,103.8,95.9,58
178,80,104.8,99.3,103.7,,41.1,64.4,48.7,76.8,33.6,18.7,,67.4,103.8,96.5,58.3
178,81,105.4,100.1,104.3,,41.3,64.4,48.8,76.9,33.8,18.7,,67.7,103.8,97,58.7
178,82,106,100.8,104.8,,41.4,64.4,49,77,34,18.8,,67.9,103.7,97.6,59.1
178,83,106.7,101.6,105.4,,41.6,64.4,49.2,77.1,34.3,18.8,,68.2,103.7,98.2,59.4
178,84,107.3,102.3,105.9,,41.7,64.4,49.4,77.2,34.5,18.9,,68.4,103.7,98.7,59.8
178,85,107.9,103.1,106.5,,41.9,64.4,49.5,77.3,34.7,18.9,,68.6,103.7,99.3,60.2
175,84,107.9,103.4,106.5,,41.8,63.2,49.2,76.1,34.8,18.9,,68.5,101.7,99.3,60.3
176,84,107.7,103.1,106.3,,41.8,63.6,49.3,76.5,34.7,18.9,,68.4,102.4,99.1,60.1
177,84,107.5,102.7,106.1,,41.8,64,49.3,76.8,34.6,18.9,,68.4,103.1,98.9,60
178,84,107.3,102.3,105.9,,41.7,64.4,49.4,77.2,34.5,18.9,,68.4,103.7,98.7,59.8
179,84,107.1,102,105.8,,41.7,64.8,49.4,77.6,34.4,18.9,,68.4,104.4,98.6,59.7
180,84,106.9,101.6,105.6,,41.6,65.2,49.5,77.9,34.3,18.9,,68.4,105,98.4,59.5
178,84,107.3,102.3,105.9,,41.7,64.4,49.4,77.2,34.5,18.9,,68.4,103.7,98.7,59.8
178,84,107.3,102.3,105.9,,41.7,64.4,49.4,77.2,34.5,18.9,,68.4,103.7,98.7,59.8
178,84,107.3,102.3,105.9,,41.7,64.4,49.4,77.2,34.5,18.9,,68.4,103.7,98.7,59.8
150,80,110.9,110.5,109.4,,42.6,53.2,47.5,66.8,36.6,18.4,,68.2,85.3,102.2,62.5
155,80,109.7,108.3,108.1,,42.3,55.1,47.7,68.5,36.1,18.5,,68,88.6,100.9,61.8
160,80,108.6,106.2,107.1,,42,57.1,47.9,70.2,35.6,18.5,,67.8,91.9,99.9,61
165,80,107.5,104.2,106.1,,41.7,59.2,48.1,72,35,18.5,,67.7,95.2,98.9,60.3
170,80,106.4,102.3,105.2,,41.5,61.2,48.3,73.9,34.5,18.6,,67.6,98.5,97.9,59.5
175,80,105.4,100.4,104.3,,41.2,63.1,48.5,75.7,33.9,18.6,,67.5,101.8,97,58.8
180,80,104.4,98.6,103.3,,41,65.3,48.8,77.5,33.4,18.7,,67.4,105.1,96.1,58
185,80,103.5,96.9,102.4,,40.8,67.3,49,79.3,32.9,18.7,,67.3,108.3,95.2,57.3
190,80,102.8,95.3,101.5,,40.7,69.3,49.3,81.1,32.5,18.8,,67.2,111.5,94.3,56.6
195,80,102.2,93.8,100.4,,40.7,71.2,49.6,82.9,32.1,18.9,,67.1,114.6,93.3,55.9
200,80,102,92.5,99.1,,40.8,73.1,50,84.6,32,19,,67,117.6,92,55.3
150,80,111.4,109.1,108.7,,42.9,53.1,47.6,66.7,37.2,18.5,,67.7,85.2,101,62.8
155,80,110.3,106.9,107.5,,42.3,55.1,47.8,68.4,36.7,18.5,,67.5,88.5,99.7,62.1
160,80,109.2,104.8,106.5,,42,57.1,48,70.2,36.1,18.5,,67.4,91.8,98.7,61.3
165,80,108.1,102.8,105.5,,41.7,59.1,48.2,72,35.6,18.6,,67.3,95.1,97.7,60.6
170,80,107,100.9,104.5,,41.5,61.2,48.4,73.8,35,18.6,,67.2,98.5,96.7,59.8
175,80,106,99,103.7,,41.2,63.2,48.7,75.6,34.5,18.7,,67.1,101.8,95.8,59.1
180,80,105,97.2,102.8,,41,65.2,48.9,77.5,33.9,18.7,,67,105.1,94.9,58.3
185,80,104,95.4,101.8,,40.8,67.3,49.2,79.3,33.4,18.8,,66.9,108.3,94,57.5
190,80,103.2,93.7,100.9,,40.7,69.3,49.4,81.1,33,18.9,,66.8,111.6,93.1,56.8
195,80,102.5,92.2,99.8,,40.7,71.2,49.7,82.9,32.6,18.9,,66.7,114.7,92.1,56.1
200,80,102.1,90.8,98.5,,40.7,73.1,50.1,84.5,32.4,19,,66.6,117.6,90.9,55.5
150,80,110.8,112.6,110.7,,42.7,53.3,47.4,67,36.1,18.4,,68.8,85.4,104.1,62.3
155,80,109.5,110.2,109.2,,42.6,55.2,47.6,68.7,35.5,18.4,,68.5,88.6,102.4,61.5
160,80,108.3,108,108,,42.1,57.2,47.7,70.4,35,18.4,,68.3,91.9,101.4,60.8
165,80,107.2,106,106.9,,41.8,59.2,48,72.2,34.4,18.5,,68.1,95.2,100.3,60.1
170,80,106.1,104.1,106,,41.5,61.2,48.2,74,33.9,18.5,,68,98.4,99.3,59.3
175,80,105.1,102.2,105,,41.3,63.2,48.6,75.8,33.4,18.6,,67.9,101.7,98.4,58.6
180,80,104.2,100.5,104.1,,41.1,65.3,48.7,77.6,32.9,18.6,,67.9,105,97.5,57.9
185,80,103.5,98.8,103.2,,41,67.3,48.9,79.4,32.5,18.7,,67.8,108.2,96.6,57.2
190,80,103,97.4,102.3,,40.9,69.2,49.3,81.2,32.2,18.8,,67.7,111.4,95.6,56.5
195,80,102.7,96,101.2,,40.9,71.1,49.6,82.9,32,18.9,,67.7,114.4,94.5,55.9
200,80,102.6,94.6,99.8,,40.9,72.9,50,84.5,31.9,19,,67.5,117.3,93.2,55.4
180,60,93.5,85.1,92.5,,38.6,65.4,45.7,75.5,29.5,17.7,,62.8,105.2,85.1,50.9
180,65,95.8,88.1,95.1,,39,65.4,46.3,75.9,30.3,17.9,,63.9,105.2,87.8,52.6
180,70,98.5,91.4,97.8,,39.6,65.3,47.1,76.5,31.2,18.1,,65,105.2,90.5,54.4
180,75,101.4,94.9,100.6,,40.3,65.3,47.9,77,32.3,18.4,,66.2,105.1,93.3,56.2
180,80,104.4,98.6,103.3,,41,65.3,48.8,77.5,33.4,18.7,,67.4,105.1,96.1,58
180,85,107.5,102.4,106.1,,41.8,65.2,49.6,78.1,34.5,19,,68.6,105,99,59.9
180,90,110.6,106.1,109,,42.5,65.2,50.5,78.6,35.7,19.2,,69.8,104.9,101.8,61.8
180,95,113.8,109.9,111.8,,43.3,65.1,51.4,79.1,36.8,19.5,,71.1,104.9,104.7,63.6
180,100,116.9,113.8,114.6,,44.1,65.1,52.3,79.7,37.9,19.8,,72.3,104.8,107.6,65.5
180,105,120.1,117.6,117.5,,44.9,65,53.1,80.2,39.1,20.1,,73.5,104.7,110.5,67.3
180,110,123.3,121.5,120.4,,45.7,65,54,80.8,40.2,20.4,,74.8,104.7,113.4,69.2
180,115,126.4,125.4,123.3,,46.5,65,54.9,81.3,41.4,20.7,,76,104.6,116.4,71
180,120,129.5,129.3,126.3,,47.3,64.9,55.7,81.9,42.5,21,,77.4,104.5,119.5,72.9
180,125,132.6,133.2,129.5,,48.1,64.9,56.5,82.5,43.5,21.2,,78.7,104.4,122.7,74.7
180,130,135.5,137.1,132.7,,48.9,64.9,57.2,83.1,44.4,21.5,,80.1,104.4,126,76.4
180,55,91.5,80.6,89.1,,38.2,65.4,45.1,74.9,29.2,17.6,,61.3,105.1,81.1,49.4
180,60,93.6,83.4,91.7,,38.5,65.4,45.7,75.4,29.9,17.7,,62.3,105.2,83.8,51
180,65,96.1,86.5,94.4,,39,65.4,46.4,75.9,30.7,17.9,,63.4,105.2,86.5,52.8
180,70,98.9,89.9,97.2,,39.6,65.3,47.2,76.4,31.7,18.2,,64.6,105.2,89.3,54.6
180,75,101.9,93.5,100,,40.3,65.3,48.1,76.9,32.8,18.5,,65.8,105.1,92.1,56.4
180,80,105,97.2,102.8,,41,65.2,48.9,77.5,33.9,18.7,,67,105.1,94.9,58.3
180,85,108.1,101,105.6,,41.8,65.2,49.8,78,35.1,19,,68.2,105,97.8,60.2
180,90,111.2,104.8,108.4,,42.6,65.1,50.7,78.5,36.2,19.3,,69.4,104.9,100.6,62
180,95,114.4,108.6,111.2,,43.3,65.1,51.5,79.1,37.4,19.6,,70.7,104.9,103.5,63.9
180,100,117.6,112.4,114.1,,44.1,65,52.4,79.6,38.5,19.9,,71.9,104.8,106.4,65.8
180,105,120.7,116.2,116.9,,44.9,65,53.3,80.2,39.7,20.2,,73.1,104.7,109.3,67.6
180,110,123.9,120.1,119.7,,45.7,65,54.2,80.7,40.8,20.4,,74.4,104.6,112.2,69.5
180,115,127,124,122.6,,46.5,64.9,55,81.3,41.9,20.7,,75.6,104.5,115.2,71.3
180,120,130.1,127.8,125.6,,47.4,64.9,55.9,81.9,43,21,,76.9,104.5,118.2,73.1
180,125,133,131.7,128.7,,48.2,64.9,56.6,82.4,44.1,21.3,,78.2,104.4,121.4,74.9
180,130,135.8,135.6,131.9,,49,64.9,57.3,83,45,21.6,,79.6,104.3,124.7,76.6
180,55,92.3,84.9,91,,38.4,65.4,45.2,75.1,28.7,17.5,,62.4,105,84.1,49.4
180,60,94.3,87.7,93.6,,38.9,65.4,45.8,75.6,29.4,17.7,,63.5,105,86.7,51
180,65,96.4,90.6,96.2,,39.3,65.3,46.4,76.1,30.1,17.9,,64.5,105,89.4,52.6
180,70,98.8,93.6,98.8,,39.8,65.3,47.1,76.6,30.9,18.1,,65.6,105,92,54.3
180,75,101.4,96.9,101.4,,40.4,65.3,47.9,77.1,31.9,18.4,,66.7,105,94.7,56.1
180,80,104.2,100.5,104.1,,41.1,65.3,48.7,77.6,32.9,18.6,,67.9,105,97.5,57.9
180,85,107.2,104.1,106.9,,41.8,65.2,49.5,78.1,34,18.9,,69.1,104.9,100.3,59.7
180,90,110.3,107.8,109.7,,42.6,65.2,50.4,78.7,35.1,19.2,,70.3,104.9,103.2,61.5
180,95,113.4,111.6,112.5,,43.4,65.1,51.2,79.2,36.2,19.5,,71.5,104.8,106,63.4
180,100,116.5,115.4,115.3,,44.2,65.1,52.1,79.7,37.4,19.8,,72.7,104.7,108.9,65.2
180,105,119.7,119.3,118.2,,44.9,65.1,53,80.3,38.5,20,,74,104.7,111.9,67.1
180,110,122.9,123.2,121.2,,45.7,65,53.8,80.9,39.7,20.3,,75.3,104.6,114.9,68.9
180,115,126.1,127.1,124.2,,46.5,65,54.7,81.4,40.8,20.6,,76.6,104.5,117.9,70.8
180,120,129.2,131,127.4,,47.3,65,55.5,82,41.8,20.9,,77.9,104.5,121.1,72.6
180,125,132.3,135,130.6,,48.1,64.9,56.2,82.6,42.8,21.2,,79.3,104.4,124.4,74.4
180,130,135.2,138.9,133.9,,48.8,64.9,57,83.2,43.8,21.4,,80.7,104.4,127.7,76.2
150,50,92.2,87.7,92.4,,37.9,53.4,42.3,63.5,29.9,16.7,,60.8,85.7,84.9,51.5
150,55,95.2,91.3,95.1,,38.7,53.3,43.1,64,31,17,,62,85.6,87.6,53.3
150,60,98.2,95,97.8,,39.4,53.3,43.9,64.5,32.1,17.3,,63.2,85.5,90.4,55.1
150,65,101.4,98.8,100.6,,40.2,53.2,44.8,65,33.2,17.5,,64.4,85.4,93.2,57
150,70,104.5,102.6,103.4,,41,53.2,45.7,65.6,34.4,17.8,,65.6,85.4,96.2,58.8
150,75,107.7,106.5,106.4,,41.8,53.2,46.6,66.2,35.5,18.1,,66.9,85.3,99.1,60.7
150,80,110.9,110.5,109.4,,42.6,53.2,47.5,66.8,36.6,18.4,,68.2,85.3,102.2,62.5
150,85,114.2,114.6,112.6,,43.4,53.2,48.4,67.4,37.8,18.7,,69.5,85.3,105.5,64.4
150,90,117.4,118.8,116,,44.3,53.3,49.2,68.1,38.8,19,,71,85.4,108.9,66.2
150,95,120.6,123.1,119.8,,45.2,53.4,50.1,68.9,39.9,19.3,,72.5,85.5,112.7,68.1
150,100,123.7,127.4,123.7,,46,53.5,50.9,69.7,40.8,19.6,,74.2,85.7,116.6,69.9
150,105,126.7,131.6,127.5,,46.8,53.6,51.7,70.5,41.7,19.9,,75.7,85.9,120.3,71.7
150,110,129.5,135.5,131,,47.5,53.6,52.4,71.2,42.6,20.1,,77.1,86,123.8,73.4
150,115,132.3,139.2,134.1,,48.2,53.7,53.2,71.8,43.5,20.4,,78.5,86,127,75.2
150,120,135.9,142.8,137.1,,48.8,53.6,53.9,72.3,44.5,20.6,,79.7,86,130,77
150,125,137.9,146.3,140,,49.5,53.6,54.7,72.9,45.5,20.9,,81,86,133,78.7
150,130,140.7,149.9,142.9,,50.2,53.6,55.4,73.4,46.4,21.1,,82.2,85.9,135.9,80.5
155,50,91.2,85.9,91.5,,37.7,55.4,42.5,65.3,29.4,16.8,,60.8,89,84,50.7
155,55,94.1,89.4,94.1,,38.4,55.3,43.3,65.8,30.4,17,,61.9,88.9,86.6,52.6
155,60,97.2,93,96.8,,39.1,55.3,44.1,66.3,31.5,17.3,,63.1,88.8,89.4,54.4
155,65,100.2,96.8,99.6,,39.9,55.2,45,66.8,32.7,17.6,,64.3,88.8,92.2,56.2
155,70,103.4,100.5,102.4,,40.7,55.2,45.9,67.4,33.8,17.9,,65.5,88.7,95.1,58.1
155,75,106.5,104.4,105.2,,41.5,55.2,46.8,67.9,35,18.2,,66.7,88.6,98,59.9
155,80,109.7,108.3,108.1,,42.3,55.1,47.7,68.5,36.1,18.5,,68,88.6,100.9,61.8
155,85,112.9,112.2,111.1,,43.1,55.1,48.5,69.1,37.2,18.7,,69.2,88.5,104,63.6
155,90,116.1,116.3,114.2,,43.9,55.1,49.4,69.7,38.4,19,,70.6,88.5,107.2,65.5
155,95,119.4,120.4,117.6,,44.8,55.2,50.3,70.4,39.4,19.3,,72,88.6,110.5,67.3
155,100,122.6,124.7,121.2,,45.6,55.3,51.1,71.1,40.5,19.6,,73.5,88.6,114.2,69.2
155,105,125.6,129,125.1,,46.4,55.4,51.9,71.9,41.4,19.9,,75.1,88.8,118,71
155,110,128.6,133.1,128.8,,47.2,55.5,52.7,72.7,42.3,20.2,,76.6,88.9,121.8,72.7
155,115,131.4,137,132.3,,47.9,55.5,53.4,73.3,43.2,20.4,,78.1,89,125.2,74.5
155,120,134.2,140.7,135.5,,48.6,55.5,54.2,73.9,44.1,20.7,,79.4,89,128.4,76.3
155,125,137,144.3,138.5,,49.3,55.5,54.9,74.5,45.1,20.9,,80.7,89,131.4,78
155,130,139.8,147.8,141.4,,49.9,55.5,55.7,75.1,46,21.2,,81.9,89,134.4,79.8
160,50,90.4,84.2,90.7,,37.6,57.5,42.8,67.1,28.9,16.9,,60.7,92.4,83.1,50
160,55,93.2,87.6,93.3,,38.2,57.4,43.6,67.6,29.9,17.1,,61.8,92.3,85.7,51.8
160,60,96.1,91.1,95.9,,38.9,57.3,44.4,68.1,31,17.4,,63,92.2,88.4,53.6
160,65,99.2,94.8,98.7,,39.6,57.3,45.2,68.6,32.1,17.6,,64.1,92.1,91.2,55.5
160,70,102.3,98.6,101.4,,40.4,57.2,46.1,69.1,33.3,17.9,,65.4,92,94.1,57.3
160,75,105.4,102.4,104.2,,41.2,57.2,47,69.7,34.4,18.2,,66.6,91.9,96.9,59.2
160,80,108.6,106.2,107.1,,42,57.1,47.9,70.2,35.6,18.5,,67.8,91.9,99.9,61
160,85,111.8,110.1,110,,42.8,57.1,48.7,70.8,36.7,18.8,,69.1,91.8,102.8,62.9
160,90,114.9,114,112.9,,43.6,57.1,49.6,71.4,37.8,19.1,,70.3,91.8,105.8,64.8
160,95,118.2,118,116,,44.4,57.1,50.5,72,39,19.4,,71.7,91.7,108.9,66.6
160,100,121.4,122.1,119.2,,45.3,57.1,51.4,72.7,40.1,19.7,,73,91.7,112.2,68.4
160,105,124.5,126.3,122.7,,46.1,57.2,52.2,73.4,41.1,19.9,,74.5,91.8,115.8,70.7
160,110,127.6,130.5,126.5,,46.9,57.2,53,74.1,42,20.2,,76.1,91.9,119.5,72.1
160,115,130.5,134.6,130.2,,47.7,57.3,53.7,74.8,42.9,20.5,,77.6,92,123.2,73.8
160,120,133.3,138.5,133.6,,48.4,57.4,54.5,75.5,43.8,20.8,,79,92.1,126.7,75.6
160,125,136.1,142.2,136.8,,49.1,57.4,55.2,76.1,44.7,21,,80.3,92.1,129.8,77.3
160,130,138.9,145.8,139.8,,49.7,57.4,55.9,76.7,45.7,21.2,,81.6,92.1,132.9,79.1
165,50,89.8,82.8,89.9,,37.5,59.5,43.1,69,28.6,16.9,,60.7,95.6,82.4,49.4
165,55,92.4,85.9,92.4,,38.1,59.4,43.8,69.4,29.5,17.2,,61.8,95.6,84.9,51.1
165,60,95.2,89.3,95,,38.7,59.4,44.6,69.9,30.5,17.4,,62.9,95.5,87.6,52.9
165,65,98.2,92.9,97.7,,39.4,59.3,45.5,70.4,31.6,17.7,,64.1,95.4,90.3,54.7
165,70,101.2,96.6,100.5,,40.2,59.2,46.3,71,32.7,18,,65.3,95.3,93.1,56.6
165,75,104.3,100.4,103.3,,40.9,59.2,47.2,71.5,33.9,18.2,,66.5,95.3,96,58.4
165,80,107.5,104.2,106.1,,41.7,59.2,48.1,72,35,18.5,,67.7,95.2,98.9,60.3
165,85,110.6,108,109,,42.5,59.1,48.9,72.6,36.2,18.8,,68.9,95.1,101.8,62.2
165,90,113.8,111.9,111.8,,43.3,59.1,49.8,73.2,37.3,19.1,,70.2,95,104.7,64
165,95,117,115.8,114.8,,44.1,59.1,50.7,73.7,38.4,19.4,,71.4,95,107.7,65.9
165,100,120.2,119.8,117.8,,44.9,59,51.6,74.3,39.6,19.7,,72.7,94.9,110.7,67.7
165,105,123.4,123.8,120.9,,45.7,59.1,52.4,74.9,40.7,20,,74.1,94.9,114,69.6
165,110,126.5,128,124.4,,46.6,59.1,53.3,75.6,41.7,20.3,,75.5,94.9,117.4,71.4
165,115,129.5,132.1,128,,47.4,59.1,54,76.3,42.6,20.5,,77,95,121.1,73.1
165,120,132.4,136.2,131.6,,48.1,59.2,54.8,77,43.5,20.8,,78.6,95.1,124.7,74.9
165,125,135.2,140,135,,48.9,59.2,55.5,77.7,44.4,21.1,,80,95.1,128.1,76.6
165,130,138,143.7,138.2,,49.5,59.2,56.2,78.3,45.3,21.3,,81.3,95.1,131.3,78.4
170,50,89.6,81.7,89.2,,37.6,61.5,43.6,70.9,28.3,17.1,,60.7,98.9,81.7,48.7
170,55,91.8,84.5,91.6,,38,61.5,44.2,71.3,29.1,17.3,,61.7,98.8,84.1,50.4
170,60,94.4,87.7,94.2,,38.6,61.4,44.9,71.8,30.1,17.5,,62.8,98.8,86.7,52.2
170,65,97.2,91.2,96.8,,39.2,61.3,45.7,72.3,31.1,17.7,,64,98.7,89.4,54
170,70,100.2,94.8,99.6,,39.9,61.3,46.6,72.8,32.2,18,,65.2,98.6,92.2,55.8
170,75,103.3,98.5,102.4,,40.7,61.2,47.4,73.3,33.3,18.3,,66.4,98.6,95.1,57.7
170,80,106.4,102.3,105.2,,41.5,61.2,48.3,73.9,34.5,18.6,,67.6,98.5,97.9,59.5
170,85,109.6,106.1,108,,42.2,61.1,49.2,74.4,35.6,18.9,,68.8,98.4,100.8,61.4
170,90,112.7,109.9,110.8,,43,61.1,50,75,36.8,19.2,,70,98.3,103.7,63.3
170,95,115.9,113.8,113.7,,43.8,61.1,50.9,75.5,37.9,19.4,,71.3,98.3,106.6,65.1
170,100,119.1,117.7,116.6,,44.6,61,51.8,76.1,39,19.7,,72.5,98.2,109.6,67
170,105,122.3,121.6,119.6,,45.4,61,52.7,76.7,40.2,20,,73.8,98.2,112.6,68.8
170,110,125.4,125.6,122.7,,46.3,61,53.5,77.3,41.3,20.3,,75.2,98.1,115.8,70.7
170,115,128.5,129.7,126,,47.1,61,54.3,77.9,42.3,20.6,,76.6,98.1,119.1,72.5
170,120,131.5,133.8,129.5,,47.9,61.1,55.1,78.6,43.2,20.9,,78.1,98.1,122.7,74.2
170,125,134.4,137.7,133.1,,48.6,61.1,55.8,79.3,44.1,21.1,,79.5,98.2,126.2,76
170,130,137.1,141.5,136.4,,49.3,61.1,56.5,79.9,45,21.4,,80.9,98.2,129.6,77.7
175,50,89.6,80.8,88.4,,37.7,63.5,44,72.7,28.2,17.2,,60.8,102,80.9,48.2
175,55,91.5,83.4,90.8,,38.1,63.5,44.6,73.2,28.9,17.4,,61.8,102,83.4,49.8
175,60,93.8,86.3,93.4,,38.5,63.4,45.3,73.6,29.7,17.6,,62.8,102,85.9,51.5
175,65,96.4,89.5,96,,39.1,63.4,46,74.1,30.6,17.8,,63.9,102,88.6,53.3
175,70,99.3,93,98.7,,39.8,63.3,46.8,74.6,31.7,18.1,,65.1,101.9,91.3,55.1
175,75,102.3,96.7,101.5,,40.5,63.3,47.7,75.1,32.8,18.3,,66.3,101.9,94.2,56.9
175,80,105.4,100.4,104.3,,41.2,63.2,48.5,75.7,33.9,18.6,,67.5,101.8,97,58.8
175,85,108.5,104.2,107.1,,42,63.2,49.4,76.2,35.1,18.9,,68.7,101.9,99.9,60.6
175,90,111.7,108,109.9,,42.8,63.1,50.3,76.8,36.2,19.2,,69.9,101.9,102.7,62.5
175,95,114.8,111.8,112.7,,43.6,63.1,50.2,77.3,37.4,19.5,,71.2,101.6,105.6,64.4
175,100,118,115.7,115.6,,44.4,63,52,77.9,38.5,19.8,,72.4,101.5,108.5,66.2
175,105,121.2,119.6,118.5,,45.2,63,52.9,78.4,39.6,20.1,,73.7,101.4,111.5,68.1
175,110,124.3,123.5,121.4,,46,63,53.8,79,40.8,20.3,,74.9,101.4,114.5,69.9
175,115,127.5,127.4,124.5,,46.8,63,54.6,79.6,41.9,20.6,,76.3,101.3,117.6,71.8
175,120,130.5,131.4,127.7,,47.6,63,55.4,80.2,42.9,20.9,,77.6,101.3,120.9,73.6
175,125,133.5,135.4,131.1,,48.4,63,56.1,80.8,43.8,21.2,,79.1,101.2,124.3,75.3
175,130,136.3,139.3,134.5,,49.1,63,56.8,81.5,44.7,21.4,,80.5,101.2,127.8,77
180,55,91.5,82.4,89.9,,38.2,65.4,45.1,75,28.8,17.5,,61.8,105.1,82.5,49.3
180,60,93.5,85.1,92.5,,38.6,65.4,45.7,75.5,29.5,17.7,,62.8,105.2,85.1,50.9
180,65,95.8,88.1,95.1,,39,65.4,46.3,75.9,30.3,17.9,,63.9,105.2,87.8,52.6
180,70,98.5,91.4,97.8,,39.6,65.3,47.1,76.5,31.2,18.1,,65,105.2,90.5,54.4
180,75,101.4,94.9,100.6,,40.3,65.3,47.9,77,32.3,18.4,,66.2,105.1,93.3,56.2
180,80,104.4,98.6,100.3,,41,65.3,48.8,77.5,33.4,18.7,,67.4,105.1,96.1,58
180,85,107.5,102.4,106.1,,41.8,65.2,49.6,78.1,34.5,19,,68.6,105,99,59.9
180,90,110.6,106.1,109,,42.5,65.2,50.5,78.6,35.7,19.2,,69.8,104.9,101.8,61.8
180,95,113.8,109.9,111.8,,43.3,65.1,51.4,79.1,36.8,19.5,,71.1,104.9,104.7,63.6
180,100,116.9,113.8,114.6,,44.1,65.1,52.3,79.7,37.9,19.8,,72.3,104.8,107.6,65.5
180,105,120.1,117.6,117.5,,44.9,65,53.1,80.2,39.1,20.1,,73.5,104.7,110.5,67.3
180,110,123.3,121.5,120.4,,45.7,65,54,80.8,40.2,20.4,,74.8,104.7,113.4,69.2
180,115,126.4,125.4,123.3,,46.5,65,54.9,81.3,41.4,20.7,,76,104.6,116.4,71
180,120,129.5,129.3,126.3,,47.3,64.9,55.7,81.9,42.5,21,,77.4,104.5,119.5,72.9
180,125,132.6,133.2,129.5,,48.1,64.9,56.5,82.5,43.5,21.2,,78.7,104.4,122.7,74.7
180,130,135.5,137.1,132.7,,48.9,64.9,57.2,83.1,44.4,21.5,,80.1,104.4,126,76.4
185,55,91.5,81.4,88.8,,38.4,67.3,45.6,76.7,28.7,17.7,,61.7,108.1,81.4,48.7
185,60,93.5,84.1,91.5,,38.7,67.3,46.1,77.2,29.4,17.8,,62.8,108.2,84.1,50.4
185,65,95.6,86.9,94.2,,39.1,67.3,46.7,77.8,30.1,18,,63.9,108.3,86.9,52
185,70,97.9,90,96.9,,39.6,67.3,47.4,78.3,30.9,18.2,,65,108.4,89.6,53.7
185,75,100.6,93.3,99.6,,40.2,67.3,48.2,78.8,31.8,18.5,,66.1,108.4,92.4,55.5
185,80,103.5,96.9,102.4,,40.8,67.3,49,79.3,32.9,18.7,,67.3,108.3,95.2,57.3
185,85,106.6,100.6,105.2,,41.6,67.2,49.9,79.9,34,19,,68.5,108.3,98.1,59.1
185,90,109.6,104.3,108,,42.3,67.2,50.7,80.4,35.1,19.3,,69.7,108.2,100.9,61
185,95,112.8,108.1,110.9,,43.1,67.2,51.4,81,36.3,19.6,,70.9,108.2,103.8,62.9
185,100,115.9,111.9,113.7,,43.9,67.1,52.5,81.5,37.4,19.9,,72.2,108.1,106.7,64.7
185,105,119.1,115.7,116.5,,44.7,67.1,53.4,82.1,38.5,20.1,,73.4,108,109.6,66.6
185,110,122.2,119.5,119.4,,45.4,67,54.2,82.6,39.7,20.4,,74.6,107.9,112.5,68.4
185,115,125.4,123.4,122.2,,46.2,67,55.1,83.1,40.8,20.7,,75.9,107.9,115.4,70.3
185,120,128.5,127.3,125.1,,47,66.9,55.3,83.7,42,21,,77.2,107.8,118.3,72.1
185,125,131.6,131.1,128.1,,47.8,66.9,56.8,84.2,43,21.3,,78.4,107.7,121.4,74
185,130,134.6,135,131.2,,48.6,66.8,57.5,84.8,44.1,21.5,,79.8,107.6,124.5,75.7
190,60,93.5,83,90.2,,38.9,69.2,46.6,78.9,29.4,18,,62.7,111.1,82.9,49.8
190,65,95.6,85.9,93.1,,39.3,69.2,47.2,79.5,30,18.2,,63.8,111.3,85.8,51.5
190,70,97.7,88.9,95.9,,39.6,69.3,47.8,80,30.7,18.3,,64.9,111.4,88.6,53.1
190,75,100.1,91.9,98.7,,40.1,69.3,48.5,80.6,31.5,18.6,,66.1,111.5,91.9,54.8
190,80,102.8,95.3,101.5,,40.7,69.3,49.3,81.1,32.5,18.8,,67.2,111.5,94.3,56.6
190,85,105.7,98.8,104.3,,41.4,69.3,50.1,81.7,33.5,19.1,,68.4,111.5,97.2,58.4
190,90,108.7,102.5,107.1,,42.1,69.2,51,82.2,34.6,19.3,,69.6,111.5,100,60.3
190,95,111.8,106.3,109.9,,42.9,69.2,51.9,82.8,35.7,19.6,,70.8,111.4,102.9,62.1
190,100,114.9,110,112.8,,43.6,69.1,52.7,83.3,36.9,19.9,,72.1,111.4,105.8,64
190,105,118,113.8,115.6,,44.4,69.1,53.6,83.9,38,20.2,,73.3,111.3,108.6,65.8
190,110,121.2,117.7,118.4,,45.2,69,54.5,84.4,39.1,20.5,,74.5,111.2,111.5,67.7
190,115,124.3,121.5,121.3,,46,69,55.3,85,40.3,20.8,,75.8,111.2,114.4,69.6
190,120,127.5,125.3,124.1,,46.8,69,56.2,85.5,41.4,21,,77,111.1,117.3,71.4
190,125,130.6,129.2,127,,47.6,68.9,57,86,42.5,21.3,,78.3,111,120.3,73.2
190,130,133.7,133,129.9,,48.4,68.8,57.8,86.6,43.6,21.6,,79.5,110.9,123.2,75.1
195,65,95.5,84.5,91.7,,39.4,71,47.6,81.1,30,18.3,,63.7,114.2,84.5,50.9
195,70,97.7,87.7,94.6,,39.8,71.1,48.3,81.7,30.7,18.5,,64.8,114.3,87.4,52.6
195,75,99.8,90.6,97.5,,40.2,71.2,48.9,82.3,31.4,18.7,,66,114.5,90.4,54.2
195,80,102.2,93.8,100.4,,40.7,71.2,49.6,82.9,32.1,18.9,,67.1,114.6,93.3,55.9
195,85,104.9,97.2,103.3,,41.3,71.2,50.4,83.5,33.1,19.1,,68.3,114.7,96.2,57.7
195,90,107.8,100.8,106.2,,42,71.2,51.2,84,34.1,19.4,,69.5,114.7,99.1,59.5
195,95,110.8,104.5,109,,42.7,71.2,52.1,84.6,35.2,19.7,,70.7,114.7,102,61.4
195,100,113.9,108.2,111.8,,43.4,71.2,53,85.1,36.3,20,,72,114.5,104.8,63.2
195,105,117,112,114.7,,44.2,71,53.8,85.7,37.5,20.2,,73.2,114.6,107.7,65.1
195,110,120.2,115.8,117.5,,45,71,54.7,86.2,38.6,20.5,,74.4,114.5,110.6,66.9
195,115,123.3,119.6,120.3,,45.8,71,55.6,86.8,39.7,20.8,,75.6,114.4,113.5,68.8
195,120,126.5,123.4,123.1,,46.5,71,56.4,87.3,40.9,21.1,,76.9,114.4,116.4,70.7
195,125,129.6,127.2,126,,47.3,70.9,57.3,87.8,42,21.4,,78.1,114.3,119.3,72.5
195,130,132.7,131,128.8,,48.1,70.9,58.1,88.4,43.1,21.7,,79.4,114.2,122.2,74.3
200,65,95,83,90.1,,39.3,72.9,48,82.8,29.8,18.4,,63.4,117.1,83,50.3
200,70,97.5,86.3,93.1,,39.9,72.9,48.7,83.3,30.6,18.6,,64.6,117.2,86,52
200,75,99.8,89.4,96.1,,40.3,73,49.3,83.9,31.3,18.8,,65.8,117.4,89,53.7
200,80,102,92.5,99.1,,40.8,73.1,50,84.6,32,19,,67,117.6,92,55.3
200,85,104.4,95.7,102.1,,41.3,73.1,50.7,85.2,32.8,19.2,,68.2,117.7,95.1,57.1
200,90,107.1,99.2,105.1,,41.9,73.2,51.5,85.8,33.7,19.5,,69.4,117.8,98.1,58.8
200,95,110,102.7,108,,43.5,73.2,52.3,86.4,34.7,19.7,,70.6,117.9,101,60.7
200,100,113,106.4,110.9,,43.2,73.2,53.2,86.9,35.8,20,,71.9,117.9,103.9,62.5
200,105,116.1,110.2,113.7,,44,73.1,54,87.5,36.9,20.3,,73.1,117.8,106.8,64.3
200,110,119.2,113.9,116.5,,44.8,73.1,54.9,88,38.1,20.6,,74.3,117.8,109.7,66.2
200,115,122.3,117.7,119.4,,45.5,73.1,55.8,88.6,39.2,20.9,,75.5,117.7,112.5,68.1
200,120,125.4,121.5,122.2,,46.3,73,56.7,89.1,40.3,21.1,,76.8,117.6,115.4,69.9
200,125,128.6,125.3,125,,47.1,73,57.5,89.6,41.5,21.4,,78,117.5,118.3,71.8
200,130,131.7,129.1,127.8,,47.9,72.9,58.4,90.2,42.6,21.7,,79.2,117.4,121.2,73.6